dist_to_facility,facility_category_encoded,peak_frp_mw,mean_frp_mw,frp_variance,max_brightness_k,duration_hours,day_night_ratio,historical_active_days_90d,historical_peak_frp,pct_cropland,pct_forest,pct_urban,is_industrial_zone,event_id,label,provenance
84381.85307288,0.0,1.83,1.83,0.0,331.15,0.0,1.0,3.0,8.25,0.85,0.1,0.05,0.0,EVT-2026-E3ABA8,AGRI_BURN,Real_Database_Telemetry_Unseen
389609.65609687,0.0,8.25,8.25,0.0,301.51,0.0,1.0,0.0,0.0,0.85,0.1,0.05,0.0,EVT-2026-81B484,AGRI_BURN,Real_Database_Telemetry_Unseen
56378.2885845,0.0,2.62,2.62,0.0,330.97,0.0,1.0,0.0,0.0,0.85,0.1,0.05,0.0,EVT-2026-C8CC9A,AGRI_BURN,Real_Database_Telemetry_Unseen
58564.08821575,0.0,3.98,2.7169230769230768,1.603098224852071,337.37,11.4,0.07692307692307693,0.0,0.0,0.85,0.1,0.05,0.0,EVT-2026-C2EB84,AGRI_BURN,Real_Database_Telemetry_Unseen
120691.31221048,0.0,3.31,3.31,0.0,332.85,0.0,1.0,0.0,0.0,0.85,0.1,0.05,0.0,EVT-2026-A51920,AGRI_BURN,Real_Database_Telemetry_Unseen
85932.93684742,0.0,4.74,4.74,0.0,300.12,0.0,1.0,0.0,0.0,0.85,0.1,0.05,0.0,EVT-2026-19B7FA,AGRI_BURN,Real_Database_Telemetry_Unseen
75815.36005395,0.0,0.94,0.7333333333333333,0.06302222222222222,309.71,0.6,0.0,2.0,9.62,0.85,0.1,0.05,0.0,EVT-2026-1008D6,AGRI_BURN,Real_Database_Telemetry_Unseen
23142.0359429,0.0,2.3,2.3,0.0,331.62,0.0,1.0,0.0,0.0,0.85,0.1,0.05,0.0,EVT-2026-41DEAF,AGRI_BURN,Real_Database_Telemetry_Unseen
132078.7341029,0.0,5.96,5.96,0.0,341.31,0.0,1.0,0.0,0.0,0.85,0.1,0.05,0.0,EVT-2026-1BC4B6,AGRI_BURN,Real_Database_Telemetry_Unseen
132445.4321582,0.0,29.4,29.4,0.0,339.12,0.0,1.0,0.0,0.0,0.85,0.1,0.05,0.0,EVT-2026-D6C328,AGRI_BURN,Real_Database_Telemetry_Unseen
60969.02627653,0.0,3.52,3.52,0.0,330.69,0.0,1.0,0.0,0.0,0.85,0.1,0.05,0.0,EVT-2026-52FA71,AGRI_BURN,Real_Database_Telemetry_Unseen
16198.12164256,0.0,7.74,5.91,6.697800000000001,341.16,0.35,1.0,0.0,0.0,0.85,0.1,0.05,0.0,EVT-2026-A3152E,AGRI_BURN,Real_Database_Telemetry_Unseen
11559.04843362,0.0,11.97,10.787649088541666,11.766251,352.45,12.9,0.25,0.0,0.0,0.05,0.1,0.85,1.0,EVT-2026-B46C33,AGRI_BURN,Real_Database_Telemetry_Unseen
66947.86973815,80.0,4.89,2.4809326426188143,2.0096499999999997,341.62,0.31666666666666665,1.0,1.0,1.7,0.85,0.1,0.05,0.0,EVT-IN-TAM-4368465E,AGRI_BURN,Real_Database_Telemetry_Unseen
124722.16140481,0.0,10.35,10.35,0.0,313.77,0.0,0.0,1.0,12.03,0.85,0.1,0.05,0.0,EVT-2026-5366C0,AGRI_BURN,Real_Database_Telemetry_Unseen
75732.92762283,0.0,9.62,7.76,2.6308799999999986,341.09,0.3333333333333333,1.0,0.0,0.0,0.85,0.1,0.05,0.0,EVT-2026-3CD462,AGRI_BURN,Real_Database_Telemetry_Unseen
198220.55823065,0.0,24.13,24.13,0.0,301.57,0.0,1.0,0.0,0.0,0.85,0.1,0.05,0.0,EVT-2026-CFA47F,AGRI_BURN,Real_Database_Telemetry_Unseen
50716.08288617,0.0,4.36,4.36,0.0,335.88,0.0,1.0,0.0,0.0,0.85,0.1,0.05,0.0,EVT-2026-782157,AGRI_BURN,Real_Database_Telemetry_Unseen
48603.76393776,0.0,5.78,5.78,0.0,336.86,0.0,1.0,0.0,0.0,0.85,0.1,0.05,0.0,EVT-2026-C3E601,AGRI_BURN,Real_Database_Telemetry_Unseen
114048.30632939,0.0,2.25,2.25,0.0,332.84,0.0,1.0,0.0,0.0,0.85,0.1,0.05,0.0,EVT-2026-92FD00,AGRI_BURN,Real_Database_Telemetry_Unseen
66320.738945,0.0,3.34,1.509402453104655,0.6325061224489795,319.81,48.15,0.0,0.0,0.0,0.85,0.1,0.05,0.0,EVT-2026-B8CC07,AGRI_BURN,Real_Database_Telemetry_Unseen
83404.37298875,0.0,7.17,7.17,0.0,330.68,0.0,1.0,1.0,4.85,0.85,0.1,0.05,0.0,EVT-2026-4DE950,AGRI_BURN,Real_Database_Telemetry_Unseen
96765.14311315,0.0,6.76,6.76,0.0,316.79,0.0,0.0,0.0,0.0,0.85,0.1,0.05,0.0,EVT-2026-A9FF6F,AGRI_BURN,Real_Database_Telemetry_Unseen
54705.48275018,0.0,6.19,5.805,0.14822500000000016,339.2,0.6,1.0,0.0,0.0,0.85,0.1,0.05,0.0,EVT-2026-1D7692,AGRI_BURN,Real_Database_Telemetry_Unseen
85006.76195846,0.0,3.86,3.86,0.0,330.06,0.0,1.0,0.0,0.0,0.85,0.1,0.05,0.0,EVT-2026-73FFD7,AGRI_BURN,Real_Database_Telemetry_Unseen
99989.42074028,80.0,8.28,8.28,0.0,333.46,0.0,1.0,1.0,8.81,0.1,0.05,0.85,0.0,EVT-IN-TAM-5E91C9B0,AGRI_BURN,Real_Database_Telemetry_Unseen
165422.21346373,0.0,8.56,2.6352947443181813,4.324108333333333,348.16,7.75,0.08333333333333333,0.0,0.0,0.85,0.1,0.05,0.0,EVT-2026-F9B663,AGRI_BURN,Real_Database_Telemetry_Unseen
132757.46325104,0.0,0.53,0.53,0.0,301.0,0.0,0.0,0.0,0.0,0.85,0.1,0.05,0.0,EVT-2026-EB770A,AGRI_BURN,Real_Database_Telemetry_Unseen
962.02425951,8.0,9.71,8.153610026041662,2.624955555555557,332.56,17.383333333333333,0.6666666666666666,0.0,0.0,0.05,0.1,0.85,1.0,EVT-2026-55355C,AGRI_BURN,Real_Database_Telemetry_Unseen
49908.06314508,0.0,5.04,5.04,0.0,339.11,0.0,1.0,0.0,0.0,0.85,0.1,0.05,0.0,EVT-2026-966020,AGRI_BURN,Real_Database_Telemetry_Unseen
82295.78888723,0.0,3.29,3.29,0.0,334.44,0.0,1.0,0.0,0.0,0.85,0.1,0.05,0.0,EVT-2026-3416D4,AGRI_BURN,Real_Database_Telemetry_Unseen
154404.02824673,0.0,0.88,0.88,0.0,305.85,0.0,0.0,0.0,0.0,0.85,0.1,0.05,0.0,EVT-2026-332D98,AGRI_BURN,Real_Database_Telemetry_Unseen
37990.21241025,14.0,0.78,0.78,0.0,303.49,0.0,0.0,0.0,0.0,0.85,0.1,0.05,0.0,EVT-IN-MAD-1D0A18CF,AGRI_BURN,Real_Database_Telemetry_Unseen
34764.47774448,0.0,7.94,5.739999999999999,2.4200000000000013,336.58,0.35,1.0,0.0,0.0,0.85,0.1,0.05,0.0,EVT-2026-6A676B,AGRI_BURN,Real_Database_Telemetry_Unseen
114856.35100373,0.0,3.66,3.66,0.0,339.1,0.0,1.0,1.0,3.92,0.85,0.1,0.05,0.0,EVT-2026-A4605E,AGRI_BURN,Real_Database_Telemetry_Unseen
79116.82674973,0.0,8.34,8.34,0.0,308.12,0.0,0.0,0.0,0.0,0.85,0.1,0.05,0.0,EVT-2026-D71445,AGRI_BURN,Real_Database_Telemetry_Unseen
81077.72287385,0.0,3.11,3.11,0.0,338.88,0.0,1.0,0.0,0.0,0.85,0.1,0.05,0.0,EVT-2026-7A8B18,AGRI_BURN,Real_Database_Telemetry_Unseen
200498.17992743,0.0,3.06,3.06,0.0,337.73,0.0,1.0,0.0,0.0,0.85,0.1,0.05,0.0,EVT-2026-3934EC,AGRI_BURN,Real_Database_Telemetry_Unseen
88578.11610757,0.0,6.99,6.99,0.0,336.38,0.0,1.0,0.0,0.0,0.85,0.1,0.05,0.0,EVT-2026-F8030E,AGRI_BURN,Real_Database_Telemetry_Unseen
65929.831877,0.0,7.68,3.986015625,4.277066666666666,339.95,23.683333333333334,1.0,0.0,0.0,0.85,0.1,0.05,0.0,EVT-2026-2D3C4A,AGRI_BURN,Real_Database_Telemetry_Unseen
154186.38800556,0.0,2.95,2.95,0.0,333.18,0.0,1.0,0.0,0.0,0.85,0.1,0.05,0.0,EVT-2026-5A04F5,AGRI_BURN,Real_Database_Telemetry_Unseen
133059.85953134,0.0,6.95,6.95,0.0,332.09,0.0,1.0,0.0,0.0,0.85,0.1,0.05,0.0,EVT-2026-711A74,AGRI_BURN,Real_Database_Telemetry_Unseen
18049.99475627,0.0,1.98,1.98,0.0,332.69,0.0,1.0,0.0,0.0,0.85,0.1,0.05,0.0,EVT-2026-FE1E83,AGRI_BURN,Real_Database_Telemetry_Unseen
59798.35586153,0.0,6.24,6.24,0.0,338.92,0.0,1.0,0.0,0.0,0.85,0.1,0.05,0.0,EVT-2026-334935,AGRI_BURN,Real_Database_Telemetry_Unseen
63186.21863033,0.0,2.7,2.435,0.07022500000000007,320.82,0.2833333333333333,0.0,0.0,0.0,0.85,0.1,0.05,0.0,EVT-2026-ED82A8,AGRI_BURN,Real_Database_Telemetry_Unseen
2602.86868393,43.0,4.38,3.686666666666666,0.9614222222222223,315.28,0.36666666666666664,0.0,0.0,0.0,0.05,0.1,0.85,1.0,EVT-2026-686D6A,AGRI_BURN,Real_Database_Telemetry_Unseen
206973.12288025,0.0,2.4,2.4,0.0,329.58,0.0,1.0,0.0,0.0,0.85,0.1,0.05,0.0,EVT-2026-651C05,AGRI_BURN,Real_Database_Telemetry_Unseen
165968.75070029,0.0,4.38,4.38,0.0,333.89,0.0,1.0,0.0,0.0,0.85,0.1,0.05,0.0,EVT-2026-9A777D,AGRI_BURN,Real_Database_Telemetry_Unseen
116089.3088234,0.0,2.7,2.7,0.0,333.76,0.0,1.0,0.0,0.0,0.85,0.1,0.05,0.0,EVT-2026-ED57FE,AGRI_BURN,Real_Database_Telemetry_Unseen
55408.71135196,0.0,3.83,3.83,0.0,330.72,0.0,1.0,0.0,0.0,0.85,0.1,0.05,0.0,EVT-2026-8AEBFD,AGRI_BURN,Real_Database_Telemetry_Unseen
282841.74743482,0.0,5.95,4.670000000000001,0.8191999999999999,336.85,0.31666666666666665,1.0,0.0,0.0,0.85,0.1,0.05,0.0,EVT-2026-81B5A9,AGRI_BURN,Real_Database_Telemetry_Unseen
15132.66168853,0.0,1.91,1.0298958333333335,0.27375555555555553,316.04,0.0,0.0,0.0,0.0,0.85,0.1,0.05,0.0,EVT-2026-46E4AC,AGRI_BURN,Real_Database_Telemetry_Unseen
109601.50858496,0.0,14.97,6.792631578947368,17.525019390581715,346.41,0.95,1.0,0.0,0.0,0.85,0.1,0.05,0.0,EVT-2026-2A2C6F,AGRI_BURN,Real_Database_Telemetry_Unseen
83013.22221571,0.0,8.01,8.01,0.0,332.97,0.0,1.0,0.0,0.0,0.85,0.1,0.05,0.0,EVT-2026-3E94E7,AGRI_BURN,Real_Database_Telemetry_Unseen
147180.43311511,0.0,8.59,8.59,0.0,367.0,0.0,1.0,0.0,0.0,0.85,0.1,0.05,0.0,EVT-2026-C9FA9E,AGRI_BURN,Real_Database_Telemetry_Unseen
91979.35516166,80.0,5.21,5.21,0.0,348.39,0.0,1.0,0.0,0.0,0.85,0.1,0.05,0.0,EVT-IN-TAM-A1195BD7,AGRI_BURN,Real_Database_Telemetry_Unseen
86733.58936443,0.0,9.55,9.55,0.0,337.86,0.0,1.0,0.0,0.0,0.85,0.1,0.05,0.0,EVT-2026-EBBE8D,AGRI_BURN,Real_Database_Telemetry_Unseen
151802.7499273,0.0,14.39,14.39,0.0,343.87,0.0,1.0,0.0,0.0,0.85,0.1,0.05,0.0,EVT-2026-E94EC9,AGRI_BURN,Real_Database_Telemetry_Unseen
82976.84471114,0.0,3.18,3.18,0.0,334.87,0.0,1.0,0.0,0.0,0.85,0.1,0.05,0.0,EVT-2026-D1DB2E,AGRI_BURN,Real_Database_Telemetry_Unseen
125658.47284104,0.0,0.86,0.6677777777777778,0.015906172839506173,305.97,0.6,0.0,1.0,9.11,0.85,0.1,0.05,0.0,EVT-2026-DB42F8,AGRI_BURN,Real_Database_Telemetry_Unseen
73997.47255922,0.0,9.04,9.04,0.0,318.85,0.0,1.0,0.0,0.0,0.85,0.1,0.05,0.0,EVT-2026-D2D6CF,AGRI_BURN,Real_Database_Telemetry_Unseen
223362.70589864,0.0,3.41,3.41,0.0,337.08,0.0,1.0,0.0,0.0,0.85,0.1,0.05,0.0,EVT-2026-AE2D93,AGRI_BURN,Real_Database_Telemetry_Unseen
22761.65021464,14.0,3.91,2.3858324341373267,0.5434291551246537,318.49,0.0,0.0,4.0,3.91,0.85,0.1,0.05,0.0,EVT-IN-MAH-D6F3C41C,AGRI_BURN,Real_Database_Telemetry_Unseen
63815.10166561,0.0,3.9,3.9,0.0,338.9,0.0,1.0,1.0,16.57,0.85,0.1,0.05,0.0,EVT-2026-872861,AGRI_BURN,Real_Database_Telemetry_Unseen
106617.63550661,0.0,7.89,4.836666666666667,4.661422222222222,338.71,0.6,1.0,0.0,0.0,0.85,0.1,0.05,0.0,EVT-2026-098479,AGRI_BURN,Real_Database_Telemetry_Unseen
93396.51574779,0.0,5.0,5.0,0.0,336.07,0.0,1.0,1.0,11.54,0.85,0.1,0.05,0.0,EVT-2026-CDC4E2,AGRI_BURN,Real_Database_Telemetry_Unseen
48839.31183543,0.0,4.08,4.08,0.0,336.35,0.0,1.0,0.0,0.0,0.85,0.1,0.05,0.0,EVT-2026-CAA6E1,AGRI_BURN,Real_Database_Telemetry_Unseen
95605.69491042,0.0,8.25,6.585,2.772225,332.81,0.95,1.0,0.0,0.0,0.85,0.1,0.05,0.0,EVT-2026-FA3444,AGRI_BURN,Real_Database_Telemetry_Unseen
35154.64776208,0.0,6.41,6.41,0.0,341.5,0.0,1.0,1.0,2.39,0.85,0.1,0.05,0.0,EVT-2026-A45731,AGRI_BURN,Real_Database_Telemetry_Unseen
260851.69552447,80.0,2.59,2.59,0.0,330.49,0.0,1.0,0.0,0.0,0.85,0.1,0.05,0.0,EVT-IN-KAR-057880F9,AGRI_BURN,Real_Database_Telemetry_Unseen
47533.69801593,0.0,6.46,6.46,0.0,332.22,0.0,1.0,1.0,2.27,0.85,0.1,0.05,0.0,EVT-2026-6D0689,AGRI_BURN,Real_Database_Telemetry_Unseen
297306.54976698,0.0,2.79,2.135,0.429025,331.12,11.283333333333333,0.5,0.0,0.0,0.85,0.1,0.05,0.0,EVT-2026-37EB21,AGRI_BURN,Real_Database_Telemetry_Unseen
84926.73887668,0.0,3.15,3.15,0.0,333.88,0.0,1.0,4.0,8.25,0.85,0.1,0.05,0.0,EVT-2026-D7DAC4,AGRI_BURN,Real_Database_Telemetry_Unseen
109033.96469654,0.0,1.39,1.19,0.03999999999999998,308.4,0.0,0.0,0.0,0.0,0.85,0.1,0.05,0.0,EVT-2026-0469E4,AGRI_BURN,Real_Database_Telemetry_Unseen
76107.97943179,0.0,6.22,3.8666666666666667,2.7690888888888883,337.4,0.6,1.0,0.0,0.0,0.85,0.1,0.05,0.0,EVT-2026-628B26,AGRI_BURN,Real_Database_Telemetry_Unseen
9517.89594962,14.0,1.14,1.14,0.0,301.47,0.0,0.0,0.0,0.0,0.85,0.1,0.05,0.0,EVT-IN-JHA-91650F94,AGRI_BURN,Real_Database_Telemetry_Unseen
153181.38192901,0.0,5.03,4.74,0.08410000000000002,344.25,0.0,1.0,0.0,0.0,0.85,0.1,0.05,0.0,EVT-2026-5ED4F3,AGRI_BURN,Real_Database_Telemetry_Unseen
108914.28947829,0.0,0.55,0.55,0.0,301.47,0.0,0.0,1.0,1.26,0.85,0.1,0.05,0.0,EVT-2026-87F760,AGRI_BURN,Real_Database_Telemetry_Unseen
27887.41750429,0.0,0.66,0.66,0.0,300.73,0.0,0.0,0.0,0.0,0.85,0.1,0.05,0.0,EVT-2026-25BFAF,AGRI_BURN,Real_Database_Telemetry_Unseen
32459.55323062,14.0,1.28,1.2407318115234376,0.004225000000000007,307.57,0.0,0.0,1.0,1.15,0.85,0.1,0.05,0.0,EVT-IN-TAM-00EFE1FE,AGRI_BURN,Real_Database_Telemetry_Unseen
79928.88567008,0.0,12.0,12.0,0.0,344.43,0.0,1.0,0.0,0.0,0.85,0.1,0.05,0.0,EVT-2026-A96FD3,AGRI_BURN,Real_Database_Telemetry_Unseen
60059.85076855,0.0,5.17,3.5549999999999997,2.608225,336.43,0.7333333333333333,1.0,0.0,0.0,0.85,0.1,0.05,0.0,EVT-2026-851B62,AGRI_BURN,Real_Database_Telemetry_Unseen
21011.56399452,0.0,3.37,3.37,0.0,333.51,0.0,1.0,1.0,3.95,0.85,0.1,0.05,0.0,EVT-2026-63ECB8,AGRI_BURN,Real_Database_Telemetry_Unseen
113963.78741157,0.0,16.31,16.31,0.0,341.46,0.0,1.0,0.0,0.0,0.85,0.1,0.05,0.0,EVT-2026-FA2FD1,AGRI_BURN,Real_Database_Telemetry_Unseen
30809.23733006,0.0,0.92,0.6176215277777779,0.022850000000000006,308.95,0.0,0.0,0.0,0.0,0.85,0.1,0.05,0.0,EVT-2026-3EFD8B,AGRI_BURN,Real_Database_Telemetry_Unseen
145825.52255293,0.0,3.0,3.0,0.0,338.59,0.0,1.0,0.0,0.0,0.85,0.1,0.05,0.0,EVT-2026-057812,AGRI_BURN,Real_Database_Telemetry_Unseen
145243.23377968,0.0,3.37,3.37,0.0,330.71,0.0,1.0,0.0,0.0,0.85,0.1,0.05,0.0,EVT-2026-66AC87,AGRI_BURN,Real_Database_Telemetry_Unseen
23589.81867107,0.0,2.09,2.09,0.0,335.71,0.0,1.0,0.0,0.0,0.85,0.1,0.05,0.0,EVT-2026-0A90FA,AGRI_BURN,Real_Database_Telemetry_Unseen
90961.8108541,0.0,5.07,5.07,0.0,303.39,0.0,0.0,0.0,0.0,0.85,0.1,0.05,0.0,EVT-2026-7A7AC5,AGRI_BURN,Real_Database_Telemetry_Unseen
41363.96789296,0.0,7.88,7.88,0.0,339.67,0.0,1.0,0.0,0.0,0.85,0.1,0.05,0.0,EVT-2026-F50D2B,AGRI_BURN,Real_Database_Telemetry_Unseen
119606.19231561,0.0,5.58,5.58,0.0,342.39,0.0,1.0,1.0,3.31,0.85,0.1,0.05,0.0,EVT-2026-DAE021,AGRI_BURN,Real_Database_Telemetry_Unseen
51230.43742829,0.0,4.08,3.865,0.04622500000000003,343.46,0.0,1.0,0.0,0.0,0.85,0.1,0.05,0.0,EVT-2026-5DD965,AGRI_BURN,Real_Database_Telemetry_Unseen
18322.16415592,0.0,2.07,2.07,0.0,331.18,0.0,1.0,0.0,0.0,0.85,0.1,0.05,0.0,EVT-2026-EF2C0D,AGRI_BURN,Real_Database_Telemetry_Unseen
88541.86954586,0.0,0.43,0.43,0.0,308.67,0.0,0.0,0.0,0.0,0.85,0.1,0.05,0.0,EVT-2026-78F23A,AGRI_BURN,Real_Database_Telemetry_Unseen
145257.52955497,0.0,19.14,19.14,0.0,346.03,0.0,1.0,0.0,0.0,0.85,0.1,0.05,0.0,EVT-2026-5C719B,AGRI_BURN,Real_Database_Telemetry_Unseen
1821.89309695,43.0,7.34,3.3930192402430936,4.8308687500000005,334.37,119.78333333333333,0.0,0.0,0.0,0.05,0.1,0.85,1.0,EVT-2026-7F253B,AGRI_BURN,Real_Database_Telemetry_Unseen
110330.27850754,0.0,5.6,5.6,0.0,317.81,0.0,1.0,0.0,0.0,0.85,0.1,0.05,0.0,EVT-2026-ED74F6,AGRI_BURN,Real_Database_Telemetry_Unseen
131886.87378371,0.0,9.14,9.14,0.0,346.12,0.0,1.0,0.0,0.0,0.85,0.1,0.05,0.0,EVT-2026-DE37BC,AGRI_BURN,Real_Database_Telemetry_Unseen
298430.9180195,0.0,2.91,2.91,0.0,334.86,0.0,1.0,0.0,0.0,0.85,0.1,0.05,0.0,EVT-2026-85EE69,AGRI_BURN,Real_Database_Telemetry_Unseen
54280.16043606,0.0,9.52,9.52,0.0,334.79,0.0,1.0,0.0,0.0,0.85,0.1,0.05,0.0,EVT-2026-2D126E,AGRI_BURN,Real_Database_Telemetry_Unseen
82976.00529952,0.0,1.37,1.37,0.0,335.65,0.0,1.0,0.0,0.0,0.85,0.1,0.05,0.0,EVT-2026-08D190,WILDFIRE,Real_Database_Telemetry_Unseen
62458.966672,0.0,4.53,4.53,0.0,297.19,0.0,0.0,0.0,0.0,0.85,0.1,0.05,0.0,EVT-2026-49B89B,WILDFIRE,Real_Database_Telemetry_Unseen
113988.89614583,0.0,1.69,1.69,0.0,311.85,0.0,0.0,0.0,0.0,0.85,0.1,0.05,0.0,EVT-2026-CA60AC,WILDFIRE,Real_Database_Telemetry_Unseen
103712.39908002,0.0,6.5,6.195,0.09302500000000011,340.97,0.0,1.0,0.0,0.0,0.85,0.1,0.05,0.0,EVT-2026-CDBA2F,WILDFIRE,Real_Database_Telemetry_Unseen
137604.14068976,0.0,1.61,1.61,0.0,331.26,0.0,1.0,0.0,0.0,0.85,0.1,0.05,0.0,EVT-2026-1D4A78,WILDFIRE,Real_Database_Telemetry_Unseen
113152.29860242,0.0,1.61,1.61,0.0,331.96,0.0,1.0,0.0,0.0,0.85,0.1,0.05,0.0,EVT-2026-8F238D,WILDFIRE,Real_Database_Telemetry_Unseen
133258.68689419,0.0,0.34,0.34,0.0,304.6,0.0,0.0,0.0,0.0,0.85,0.1,0.05,0.0,EVT-2026-73B6F3,WILDFIRE,Real_Database_Telemetry_Unseen
88290.96470308,0.0,4.26,4.26,0.0,346.8,0.0,1.0,0.0,0.0,0.85,0.1,0.05,0.0,EVT-2026-D5DA50,WILDFIRE,Real_Database_Telemetry_Unseen
129280.9210171,0.0,15.33,11.79,12.5316,348.33,0.0,1.0,0.0,0.0,0.85,0.1,0.05,0.0,EVT-2026-D36768,WILDFIRE,Real_Database_Telemetry_Unseen
131373.11682743,80.0,9.89,9.89,0.0,343.15,0.0,1.0,0.0,0.0,0.85,0.1,0.05,0.0,EVT-IN-KAR-4E47CF8E,WILDFIRE,Real_Database_Telemetry_Unseen
121379.50859382,0.0,3.24,3.24,0.0,334.6,0.0,1.0,0.0,0.0,0.85,0.1,0.05,0.0,EVT-2026-E1F545,WILDFIRE,Real_Database_Telemetry_Unseen
107096.52592179,0.0,1.74,1.35,0.1521,309.77,0.7666666666666667,0.0,0.0,0.0,0.15,0.8,0.05,0.0,EVT-2026-8B3585,WILDFIRE,Real_Database_Telemetry_Unseen
79707.3521147,0.0,3.0,2.564,0.28514400000000006,339.64,0.2833333333333333,1.0,0.0,0.0,0.85,0.1,0.05,0.0,EVT-2026-598B9D,WILDFIRE,Real_Database_Telemetry_Unseen
104569.8571359,0.0,4.69,2.9100000000000006,2.0019142857142858,350.61,0.9166666666666666,1.0,0.0,0.0,0.85,0.1,0.05,0.0,EVT-2026-577EA7,WILDFIRE,Real_Database_Telemetry_Unseen
25718.99064344,0.0,10.58,10.58,0.0,325.75,0.0,1.0,0.0,0.0,0.85,0.1,0.05,0.0,EVT-2026-05E6FE,WILDFIRE,Real_Database_Telemetry_Unseen
123242.1748054,0.0,0.88,0.778,0.008015999999999997,301.83,0.6,0.0,0.0,0.0,0.85,0.1,0.05,0.0,EVT-2026-96CAE2,WILDFIRE,Real_Database_Telemetry_Unseen
101633.08557104,0.0,4.9,4.465,0.18922500000000003,342.45,0.0,1.0,0.0,0.0,0.85,0.1,0.05,0.0,EVT-2026-9BD2D0,WILDFIRE,Real_Database_Telemetry_Unseen
103545.83619134,0.0,0.74,0.485,0.065025,303.46,0.7666666666666667,0.0,0.0,0.0,0.85,0.1,0.05,0.0,EVT-2026-C34546,WILDFIRE,Real_Database_Telemetry_Unseen
127848.48838004,14.0,0.68,0.68,0.0,296.31,0.0,0.0,1.0,11.21,0.85,0.1,0.05,0.0,EVT-IN-KAR-DE55E40D,WILDFIRE,Real_Database_Telemetry_Unseen
124927.68443255,0.0,12.51,12.51,0.0,319.37,0.0,1.0,1.0,4.92,0.85,0.1,0.05,0.0,EVT-2026-F8A1C3,WILDFIRE,Real_Database_Telemetry_Unseen
127590.98308216,0.0,7.42,2.5148110340389014,3.3064873263888885,333.91,16.533333333333335,0.041666666666666664,0.0,0.0,0.85,0.1,0.05,0.0,EVT-2026-D0587B,WILDFIRE,Real_Database_Telemetry_Unseen
63431.16214256,0.0,6.5,5.0600000000000005,2.0736,342.22,0.95,1.0,0.0,0.0,0.85,0.1,0.05,0.0,EVT-2026-75894D,WILDFIRE,Real_Database_Telemetry_Unseen
107752.15134268,80.0,2.64,2.64,0.0,334.03,0.0,1.0,0.0,0.0,0.15,0.8,0.05,0.0,EVT-IN-TAM-A2B2F906,WILDFIRE,Real_Database_Telemetry_Unseen
26748.25945012,0.0,8.3,8.3,0.0,343.41,0.0,1.0,0.0,0.0,0.85,0.1,0.05,0.0,EVT-2026-CFC85D,WILDFIRE,Real_Database_Telemetry_Unseen
107058.90215184,0.0,5.57,5.57,0.0,336.49,0.0,1.0,0.0,0.0,0.85,0.1,0.05,0.0,EVT-2026-FC2483,WILDFIRE,Real_Database_Telemetry_Unseen
117272.66209735,0.0,16.19,16.19,0.0,339.43,0.0,1.0,0.0,0.0,0.85,0.1,0.05,0.0,EVT-2026-D45BA6,WILDFIRE,Real_Database_Telemetry_Unseen
108406.15382366,0.0,1.0,1.0,0.0,314.12,0.0,0.0,0.0,0.0,0.85,0.1,0.05,0.0,EVT-2026-5D63AE,WILDFIRE,Real_Database_Telemetry_Unseen
4866.04318399,0.0,1.76,1.76,0.0,312.89,0.0,0.0,0.0,0.0,0.85,0.1,0.05,0.0,EVT-2026-7FBEEC,WILDFIRE,Real_Database_Telemetry_Unseen
124903.62504234,0.0,1.53,1.53,0.0,304.35,0.0,0.0,0.0,0.0,0.15,0.8,0.05,0.0,EVT-2026-E0A72E,WILDFIRE,Real_Database_Telemetry_Unseen
117465.71847583,0.0,1.36,1.36,0.0,313.85,0.0,0.0,0.0,0.0,0.85,0.1,0.05,0.0,EVT-2026-B49405,WILDFIRE,Real_Database_Telemetry_Unseen
128812.08795731,0.0,3.45,3.45,0.0,306.04,0.0,0.0,0.0,0.0,0.85,0.1,0.05,0.0,EVT-2026-B9FF18,WILDFIRE,Real_Database_Telemetry_Unseen
131303.72714717,0.0,5.53,5.53,0.0,303.87,0.0,0.0,0.0,0.0,0.85,0.1,0.05,0.0,EVT-2026-4602C0,WILDFIRE,Real_Database_Telemetry_Unseen
98759.32620019,0.0,4.86,4.86,0.0,329.86,0.0,1.0,0.0,0.0,0.85,0.1,0.05,0.0,EVT-2026-C7DD5C,WILDFIRE,Real_Database_Telemetry_Unseen
100885.62043846,0.0,22.47,22.47,0.0,348.36,0.0,1.0,0.0,0.0,0.85,0.1,0.05,0.0,EVT-2026-171248,WILDFIRE,Real_Database_Telemetry_Unseen
23354.16098239,0.0,2.8,2.683046875,0.007199999999999977,306.1,23.366666666666667,0.0,0.0,0.0,0.85,0.1,0.05,0.0,EVT-2026-D47432,WILDFIRE,Real_Database_Telemetry_Unseen
80663.01453695,0.0,14.75,14.75,0.0,354.25,0.0,1.0,0.0,0.0,0.85,0.1,0.05,0.0,EVT-2026-C74A5D,WILDFIRE,Real_Database_Telemetry_Unseen
86514.26516105,0.0,3.0,3.0,0.0,332.86,0.0,1.0,0.0,0.0,0.85,0.1,0.05,0.0,EVT-2026-EC21B3,WILDFIRE,Real_Database_Telemetry_Unseen
12997.72940288,0.0,3.6,2.6560481770833335,1.162264,309.66,23.116666666666667,0.0,0.0,0.0,0.85,0.1,0.05,0.0,EVT-2026-3A498D,WILDFIRE,Real_Database_Telemetry_Unseen
9999.0,14.0,3.9,1.9071428571428573,0.7691489795918367,315.08,0.9166666666666666,0.0,0.0,0.0,0.85,0.1,0.05,0.0,EVT-IN-TAM-41822271,WILDFIRE,Real_Database_Telemetry_Unseen
92783.00090691,0.0,7.03,6.73,0.09000000000000016,343.07,0.0,1.0,0.0,0.0,0.15,0.8,0.05,0.0,EVT-2026-BE7017,WILDFIRE,Real_Database_Telemetry_Unseen
109371.91403983,0.0,2.19,2.19,0.0,330.64,0.0,1.0,0.0,0.0,0.85,0.1,0.05,0.0,EVT-2026-C945F6,WILDFIRE,Real_Database_Telemetry_Unseen
110109.05602602,0.0,1.02,1.02,0.0,315.57,0.0,0.0,0.0,0.0,0.85,0.1,0.05,0.0,EVT-2026-409FAA,WILDFIRE,Real_Database_Telemetry_Unseen
120379.9613856,0.0,3.45,2.4051665852864583,0.4519102040816327,337.26,0.6166666666666667,1.0,0.0,0.0,0.85,0.1,0.05,0.0,EVT-2026-05515E,WILDFIRE,Real_Database_Telemetry_Unseen
135938.39235218,0.0,7.59,7.59,0.0,342.98,0.0,1.0,0.0,0.0,0.85,0.1,0.05,0.0,EVT-2026-D42646,WILDFIRE,Real_Database_Telemetry_Unseen
131561.87937359,0.0,3.7,3.7000000000000006,1.9721522630525295e-31,338.02,0.0,1.0,1.0,5.61,0.85,0.1,0.05,0.0,EVT-2026-BB01EA,WILDFIRE,Real_Database_Telemetry_Unseen
129210.06204247,0.0,5.61,5.61,0.0,309.2,0.0,1.0,0.0,0.0,0.85,0.1,0.05,0.0,EVT-2026-350951,WILDFIRE,Real_Database_Telemetry_Unseen
86320.89737673,0.0,18.02,13.6,29.3046,339.7,0.2833333333333333,1.0,0.0,0.0,0.85,0.1,0.05,0.0,EVT-2026-841169,WILDFIRE,Real_Database_Telemetry_Unseen
65497.58803258,0.0,1.58,1.58,0.0,337.27,0.0,1.0,0.0,0.0,0.85,0.1,0.05,0.0,EVT-2026-9A7850,WILDFIRE,Real_Database_Telemetry_Unseen
121198.68573911,0.0,12.97,12.97,0.0,345.6,0.0,1.0,0.0,0.0,0.85,0.1,0.05,0.0,EVT-2026-1E7983,WILDFIRE,Real_Database_Telemetry_Unseen
9999.0,14.0,1.61,1.51,0.010000000000000018,312.26,0.0,0.0,2.0,7.42,0.85,0.1,0.05,0.0,EVT-IN-TAM-6A0B39A4,WILDFIRE,Real_Database_Telemetry_Unseen
112862.37314255,0.0,1.26,1.045,0.046225000000000016,331.4,0.0,1.0,0.0,0.0,0.85,0.1,0.05,0.0,EVT-2026-567B11,WILDFIRE,Real_Database_Telemetry_Unseen
86797.58190458,0.0,4.11,4.075,0.00122500000000001,345.86,0.0,1.0,0.0,0.0,0.85,0.1,0.05,0.0,EVT-2026-9CC549,WILDFIRE,Real_Database_Telemetry_Unseen
74155.38372594,80.0,3.42,3.42,0.0,333.26,0.0,1.0,0.0,0.0,0.85,0.1,0.05,0.0,EVT-IN-TAM-01E824B3,WILDFIRE,Real_Database_Telemetry_Unseen
67691.99918803,0.0,12.68,10.465,4.906224999999999,340.49,0.9166666666666666,1.0,0.0,0.0,0.85,0.1,0.05,0.0,EVT-2026-312F78,WILDFIRE,Real_Database_Telemetry_Unseen
8278.40499209,80.0,3.63,1.8276268662026018,0.5240576388888888,337.86,13.016666666666667,0.16666666666666666,1.0,3.63,0.85,0.1,0.05,0.0,EVT-IN-ASS-4D061E9B,WILDFIRE,Real_Database_Telemetry_Unseen
147141.19993719,0.0,0.44,0.44,0.0,302.99,0.0,0.0,0.0,0.0,0.85,0.1,0.05,0.0,EVT-2026-7C2078,WILDFIRE,Real_Database_Telemetry_Unseen
133519.50717013,0.0,0.93,0.6973161097935268,0.06766400000000002,305.55,47.36666666666667,0.0,0.0,0.0,0.85,0.1,0.05,0.0,EVT-2026-CD77C9,WILDFIRE,Real_Database_Telemetry_Unseen
133003.34344031,0.0,4.45,4.45,0.0,335.3,0.0,1.0,1.0,1.32,0.85,0.1,0.05,0.0,EVT-2026-E5EB38,WILDFIRE,Real_Database_Telemetry_Unseen
112791.11472961,0.0,15.58,11.096666666666666,10.078155555555554,350.7,0.7333333333333333,1.0,0.0,0.0,0.85,0.1,0.05,0.0,EVT-2026-F93489,WILDFIRE,Real_Database_Telemetry_Unseen
86719.32749014,0.0,1.61,1.61,0.0,297.43,0.0,0.0,0.0,0.0,0.85,0.1,0.05,0.0,EVT-2026-BA67F7,WILDFIRE,Real_Database_Telemetry_Unseen
120.0,2.0,510.0,350.0,0.0,360.0,2.0,0.5,1.0,120.0,0.05,0.1,0.85,1.0,EVT-IN-GUJ-0002,OTHER_UNCERTAIN,Real_Database_Telemetry_Unseen
8453.40420665,0.0,25.4,25.4,0.0,315.5,0.0,0.0,0.0,0.0,0.1,0.05,0.85,0.0,EVT-2026-978958,OTHER_UNCERTAIN,Real_Database_Telemetry_Unseen
2261.71410136,43.0,0.97,0.97,0.0,300.76,0.0,0.0,0.0,0.0,0.05,0.1,0.85,1.0,EVT-2026-8CAAD1,OTHER_UNCERTAIN,Real_Database_Telemetry_Unseen
633.2339798,8.0,2.08,1.415,0.44222500000000003,314.34,0.0,0.0,0.0,0.0,0.05,0.1,0.85,1.0,EVT-2026-2DF552,OTHER_UNCERTAIN,Real_Database_Telemetry_Unseen
1991.07473809,8.0,0.73,0.73,0.0,295.83,0.0,0.0,0.0,0.0,0.05,0.1,0.85,1.0,EVT-2026-6335FC,OTHER_UNCERTAIN,Real_Database_Telemetry_Unseen
101020.98389437,0.0,2.94,2.94,0.0,332.32,0.0,1.0,0.0,0.0,0.1,0.05,0.85,0.0,EVT-2026-3EF21F,OTHER_UNCERTAIN,Real_Database_Telemetry_Unseen
356.64469068,8.0,1.75,1.5,0.0625,299.6,0.0,0.0,0.0,0.0,0.05,0.1,0.85,1.0,EVT-2026-149702,OTHER_UNCERTAIN,Real_Database_Telemetry_Unseen
1298.2214876,43.0,2.54,2.54,0.0,304.0,0.0,0.0,2.0,7.66,0.05,0.1,0.85,1.0,EVT-2026-61F3CC,OTHER_UNCERTAIN,Real_Database_Telemetry_Unseen
4598.22036303,0.0,1.49,1.45,0.001600000000000003,317.54,0.0,0.0,0.0,0.0,0.05,0.1,0.85,1.0,EVT-2026-F628C4,OTHER_UNCERTAIN,Real_Database_Telemetry_Unseen
1386.198489,8.0,17.78,17.78,0.0,301.97,0.0,0.0,1.0,9.71,0.05,0.1,0.85,1.0,EVT-2026-A1D3B8,OTHER_UNCERTAIN,Real_Database_Telemetry_Unseen
79827.49513307,0.0,3.38,3.38,0.0,335.91,0.0,1.0,0.0,0.0,0.1,0.05,0.85,0.0,EVT-2026-3FBEC1,OTHER_UNCERTAIN,Real_Database_Telemetry_Unseen
1294.76910801,34.0,4.5,4.5,0.0,305.03,0.0,0.0,0.0,0.0,0.05,0.1,0.85,1.0,EVT-IN-ODI-8F208677,OTHER_UNCERTAIN,Real_Database_Telemetry_Unseen
880.10612173,34.0,2.34,1.8851841517857144,0.1693836734693877,311.58,0.31666666666666665,0.0,2.0,7.03,0.05,0.1,0.85,1.0,EVT-IN-JHA-29E2F471,OTHER_UNCERTAIN,Real_Database_Telemetry_Unseen
81461.40458639,0.0,3.35,3.35,0.0,335.81,0.0,1.0,0.0,0.0,0.1,0.05,0.85,0.0,EVT-2026-53FDC2,OTHER_UNCERTAIN,Real_Database_Telemetry_Unseen
43733.21857487,0.0,0.85,0.85,0.0,300.88,0.0,0.0,1.0,4.14,0.05,0.1,0.85,1.0,EVT-2026-1CEA97,OTHER_UNCERTAIN,Real_Database_Telemetry_Unseen
939.94860955,8.0,1.79,1.79,0.0,306.66,0.0,0.0,0.0,0.0,0.05,0.1,0.85,1.0,EVT-2026-BB9F92,OTHER_UNCERTAIN,Real_Database_Telemetry_Unseen
89584.65740344,0.0,1.98,1.780130208333334,0.008888888888888885,309.68,24.283333333333335,0.0,0.0,0.0,0.05,0.1,0.85,1.0,EVT-2026-F28A9D,OTHER_UNCERTAIN,Real_Database_Telemetry_Unseen
12568.59034854,0.0,1.55,1.55,0.0,335.01,0.0,1.0,1.0,11.97,0.05,0.1,0.85,1.0,EVT-2026-2EDC52,OTHER_UNCERTAIN,Real_Database_Telemetry_Unseen
16038.45519913,0.0,1.86,1.86,0.0,331.46,0.0,1.0,1.0,2.65,0.05,0.1,0.85,1.0,EVT-2026-BCD78A,OTHER_UNCERTAIN,Real_Database_Telemetry_Unseen
361.88904539,43.0,2.89,2.1157777777777778,0.4736727272727274,312.46,48.75,0.0,0.0,0.0,0.05,0.1,0.85,1.0,EVT-2026-EDBE92,OTHER_UNCERTAIN,Real_Database_Telemetry_Unseen
42954.3423156,14.0,4.14,1.704911411830357,1.144,329.92,0.31666666666666665,0.0,1.0,4.14,0.05,0.1,0.85,1.0,EVT-IN-ODI-60F7CE3A,OTHER_UNCERTAIN,Real_Database_Telemetry_Unseen
2858.77640279,8.0,0.31,0.31,0.0,296.94,0.0,0.0,0.0,0.0,0.05,0.1,0.85,1.0,EVT-2026-0E1AA6,OTHER_UNCERTAIN,Real_Database_Telemetry_Unseen
1893.72343341,43.0,3.59,3.59,0.0,334.72,0.0,0.0,0.0,0.0,0.05,0.1,0.85,1.0,EVT-2026-62C83D,OTHER_UNCERTAIN,Real_Database_Telemetry_Unseen
102969.40319666,14.0,1.49,1.0725617058062926,0.12234320987654322,313.59,0.0,0.0,1.0,1.49,0.05,0.1,0.85,1.0,EVT-IN-MAD-485E03E8,OTHER_UNCERTAIN,Real_Database_Telemetry_Unseen
102271.44462405,0.0,1.34,0.7166666666665604,0.19562222222222225,302.81,23.7,0.0,0.0,0.0,0.05,0.1,0.85,1.0,EVT-2026-33BEB1,OTHER_UNCERTAIN,Real_Database_Telemetry_Unseen
1675.24687904,8.0,3.46,3.46,0.0,317.53,0.0,0.0,0.0,0.0,0.05,0.1,0.85,1.0,EVT-2026-CE7A4E,OTHER_UNCERTAIN,Real_Database_Telemetry_Unseen
820.31030503,8.0,1.41,1.3566666666666667,0.0030888888888888828,303.51,0.9333333333333333,0.0,0.0,0.0,0.05,0.1,0.85,1.0,EVT-2026-7988F8,OTHER_UNCERTAIN,Real_Database_Telemetry_Unseen
8531.97500793,0.0,3.64,3.64,0.0,335.92,0.0,1.0,0.0,0.0,0.05,0.1,0.85,1.0,EVT-2026-15D741,OTHER_UNCERTAIN,Real_Database_Telemetry_Unseen
815.26854761,34.0,1.56,1.56,0.0,297.69,0.0,0.0,0.0,0.0,0.05,0.1,0.85,1.0,EVT-IN-JHA-4A247888,OTHER_UNCERTAIN,Real_Database_Telemetry_Unseen
385.48888061,8.0,0.35,0.35,0.0,296.4,0.0,0.0,0.0,0.0,0.05,0.1,0.85,1.0,EVT-2026-45FE6F,OTHER_UNCERTAIN,Real_Database_Telemetry_Unseen
95292.73818413,0.0,2.82,2.82,0.0,331.13,0.0,1.0,0.0,0.0,0.1,0.05,0.85,0.0,EVT-2026-E47E12,OTHER_UNCERTAIN,Real_Database_Telemetry_Unseen
7905.89399839,0.0,2.52,2.52,0.0,303.07,0.0,0.0,0.0,0.0,0.05,0.1,0.85,1.0,EVT-2026-4CA8D8,OTHER_UNCERTAIN,Real_Database_Telemetry_Unseen
2140.21482317,43.0,0.95,0.95,0.0,297.67,0.0,0.0,1.0,11.92,0.05,0.1,0.85,1.0,EVT-2026-700CF2,OTHER_UNCERTAIN,Real_Database_Telemetry_Unseen
1868.71410078,34.0,2.38,2.1711640625,0.179384,316.43,0.9333333333333333,0.0,0.0,0.0,0.05,0.1,0.85,1.0,EVT-IN-JHA-DF4838DF,OTHER_UNCERTAIN,Real_Database_Telemetry_Unseen
2209.43242005,8.0,2.91,2.019417317708333,0.5977551020408163,319.97,23.666666666666668,0.0,0.0,0.0,0.05,0.1,0.85,1.0,EVT-2026-BCDEF8,OTHER_UNCERTAIN,Real_Database_Telemetry_Unseen
247376.18002733,0.0,2.47,2.4680664062499895,0.541016,312.8,24.0,0.0,1.0,7.11,0.05,0.1,0.85,1.0,EVT-2026-4E10F3,OTHER_UNCERTAIN,Real_Database_Telemetry_Unseen
1315.44351545,59.0,2.26,2.26,0.0,307.95,0.0,0.0,1.0,480.0,0.05,0.1,0.85,1.0,EVT-2026-BFE772,OTHER_UNCERTAIN,Real_Database_Telemetry_Unseen
97050.38546915,14.0,0.77,0.6316950201988221,0.02006666666666667,301.01,0.0,0.0,1.0,0.54,0.05,0.1,0.85,1.0,EVT-IN-MAD-E4C3DB74,OTHER_UNCERTAIN,Real_Database_Telemetry_Unseen
110906.08319164,0.0,4.01,4.01,0.0,334.77,0.0,1.0,0.0,0.0,0.1,0.05,0.85,0.0,EVT-2026-2D0047,OTHER_UNCERTAIN,Real_Database_Telemetry_Unseen
16687.7235369,0.0,2.11,1.8,0.07606666666666666,305.1,0.0,0.0,0.0,0.0,0.05,0.1,0.85,1.0,EVT-2026-C65FEB,OTHER_UNCERTAIN,Real_Database_Telemetry_Unseen
201.65313347,34.0,2.89,1.4268708329071524,0.4470409722222222,310.64,0.0,0.0,1.0,2.89,0.05,0.1,0.85,1.0,EVT-IN-GUJ-8F6CB5D9,OTHER_UNCERTAIN,Real_Database_Telemetry_Unseen
12307.64302223,0.0,0.53,0.53,0.0,304.66,0.0,0.0,0.0,0.0,0.1,0.05,0.85,0.0,EVT-2026-CC5AB4,OTHER_UNCERTAIN,Real_Database_Telemetry_Unseen
54330.2596336,0.0,1.08,1.08,0.0,306.4,0.0,0.0,0.0,0.0,0.05,0.1,0.85,1.0,EVT-2026-332A73,OTHER_UNCERTAIN,Real_Database_Telemetry_Unseen
3600.81342903,0.0,0.71,0.71,0.0,300.84,0.0,0.0,0.0,0.0,0.05,0.1,0.85,1.0,EVT-2026-13B717,OTHER_UNCERTAIN,Real_Database_Telemetry_Unseen
246895.18857426,14.0,1.87,1.2407802551295524,0.12308888888888893,320.05,0.0,0.0,2.0,5.19,0.05,0.1,0.85,1.0,EVT-IN-KAR-4066C0D0,OTHER_UNCERTAIN,Real_Database_Telemetry_Unseen
115742.33182318,0.0,3.67,3.67,0.0,340.46,0.0,1.0,0.0,0.0,0.1,0.05,0.85,0.0,EVT-2026-55568A,OTHER_UNCERTAIN,Real_Database_Telemetry_Unseen
28434.19637894,0.0,2.84,2.84,0.0,326.38,0.0,1.0,0.0,0.0,0.05,0.1,0.85,1.0,EVT-2026-B110AC,OTHER_UNCERTAIN,Real_Database_Telemetry_Unseen
362.99311771,43.0,2.78,2.2526666666656068,0.15451388888888892,333.29,14.683333333333334,0.16666666666666666,0.0,0.0,0.05,0.1,0.85,1.0,EVT-2026-3F7D90,OTHER_UNCERTAIN,Real_Database_Telemetry_Unseen
107486.88104132,0.0,0.32,0.32,0.0,299.11,0.0,0.0,0.0,0.0,0.05,0.1,0.85,1.0,EVT-2026-E647FA,OTHER_UNCERTAIN,Real_Database_Telemetry_Unseen
963.87143357,34.0,1.8,1.8,0.0,308.09,0.0,0.0,3.0,11.92,0.05,0.1,0.85,1.0,EVT-IN-GUJ-2AA894E1,OTHER_UNCERTAIN,Real_Database_Telemetry_Unseen
92703.04597136,0.0,4.38,4.126666666666666,0.03208888888888887,340.06,0.35,1.0,0.0,0.0,0.1,0.05,0.85,0.0,EVT-2026-98CEC5,OTHER_UNCERTAIN,Real_Database_Telemetry_Unseen
42678.29219155,0.0,4.14,4.14,0.0,307.47,0.0,0.0,0.0,0.0,0.05,0.1,0.85,1.0,EVT-2026-C64FBF,OTHER_UNCERTAIN,Real_Database_Telemetry_Unseen
2219.10639498,43.0,3.42,3.42,0.0,327.32,0.0,1.0,0.0,0.0,0.05,0.1,0.85,1.0,EVT-2026-23F1B4,OTHER_UNCERTAIN,Real_Database_Telemetry_Unseen
2160.80901916,43.0,0.85,0.85,0.0,305.21,0.0,0.0,1.0,0.62,0.05,0.1,0.85,1.0,EVT-2026-50D412,OTHER_UNCERTAIN,Real_Database_Telemetry_Unseen
1374.36082898,34.0,1.06,1.06,0.0,303.69,0.0,0.0,0.0,0.0,0.05,0.1,0.85,1.0,EVT-IN-JHA-C442FF3D,OTHER_UNCERTAIN,Real_Database_Telemetry_Unseen
47947.17524803,14.0,1.07,0.91,0.02560000000000001,307.75,0.0,0.0,2.0,4.14,0.05,0.1,0.85,1.0,EVT-IN-ODI-DA48305E,OTHER_UNCERTAIN,Real_Database_Telemetry_Unseen
14372.24795845,0.0,3.31,3.31,0.0,342.53,0.0,1.0,0.0,0.0,0.05,0.1,0.85,1.0,EVT-2026-E43E2C,OTHER_UNCERTAIN,Real_Database_Telemetry_Unseen
1685.96884498,34.0,1.13,1.13,0.0,303.1,0.0,0.0,1.0,2.38,0.05,0.1,0.85,1.0,EVT-IN-JHA-99783536,OTHER_UNCERTAIN,Real_Database_Telemetry_Unseen
1070.71533765,34.0,4.58,3.89,0.1683,311.24,0.0,0.0,1.0,11.8,0.05,0.1,0.85,1.0,EVT-IN-JHA-94467453,OTHER_UNCERTAIN,Real_Database_Telemetry_Unseen
102393.81109308,14.0,1.81,1.1927790876477957,0.3099734375,303.63,0.75,0.0,1.0,1.34,0.05,0.1,0.85,1.0,EVT-IN-MAD-EE832A9E,OTHER_UNCERTAIN,Real_Database_Telemetry_Unseen
1794.81342652,43.0,34.97,8.82363518869775,55.30169047619048,367.0,36.63333333333333,0.07142857142857142,1.0,0.96,0.05,0.1,0.85,1.0,EVT-2026-55B716,IND_ROUTINE,Real_Database_Telemetry_Unseen
795.55197515,43.0,7.66,4.655,9.170475,334.4,1.0666666666666667,0.0,1.0,7.34,0.05,0.1,0.85,1.0,EVT-2026-90AE4C,IND_ROUTINE,Real_Database_Telemetry_Unseen
2283.67148857,8.0,6.71,4.1010089025025245,2.8266648888888892,331.26,127.21666666666667,0.13333333333333333,1.0,5.73,0.05,0.1,0.85,1.0,EVT-2026-6D9061,IND_ROUTINE,Real_Database_Telemetry_Unseen
135.63208369,43.0,4.84,1.667594033318013,0.7421776041666667,338.27,72.75,0.08333333333333333,0.0,0.0,0.05,0.1,0.85,1.0,EVT-2026-115997,IND_ROUTINE,Real_Database_Telemetry_Unseen
1815.18618059,43.0,11.1,2.36247981528706,8.793962948960301,355.87,85.18333333333334,0.17391304347826086,0.0,0.0,0.05,0.1,0.85,1.0,EVT-2026-E54D96,IND_ROUTINE,Real_Database_Telemetry_Unseen
1162.47641563,43.0,11.92,2.5489046760531293,10.906085,344.97,61.55,0.35,1.0,11.1,0.05,0.1,0.85,1.0,EVT-2026-E7789A,IND_ROUTINE,Real_Database_Telemetry_Unseen
829.72976039,8.0,9.02,8.450069262186686,6.26836875,339.3,160.81666666666666,0.375,0.0,0.0,0.05,0.1,0.85,1.0,EVT-2026-B582FB,IND_ROUTINE,Real_Database_Telemetry_Unseen
2552.14610742,8.0,5.73,5.619308268228654,2.640995061728395,336.54,144.1,0.6666666666666666,0.0,0.0,0.05,0.1,0.85,1.0,EVT-2026-182CFB,IND_ROUTINE,Real_Database_Telemetry_Unseen
242036.22230781,14.0,5.39,2.1102185058593745,1.8051136094674558,310.39,143.46666666666667,0.0,4.0,7.11,0.05,0.1,0.85,1.0,EVT-IN-KAR-677841BA,IND_ROUTINE,Real_Database_Telemetry_Unseen
950.01202122,8.0,11.8,6.279801025390626,14.016222222222224,329.0,84.45,0.3333333333333333,0.0,0.0,0.05,0.1,0.85,1.0,EVT-2026-B3CAB7,IND_ROUTINE,Real_Database_Telemetry_Unseen
844.4420063,34.0,7.94,5.5247265625,1.464100000000001,330.87,144.4,1.0,1.0,17.78,0.05,0.1,0.85,1.0,EVT-IN-ODI-23BB71A7,IND_ROUTINE,Real_Database_Telemetry_Unseen
2901.72005969,43.0,0.32,0.32,0.0,302.5,0.0,0.0,0.0,0.0,0.05,0.1,0.85,1.0,EVT-2026-EDB246,IND_ROUTINE,Real_Database_Telemetry_Unseen
702.95735812,43.0,0.96,0.96,0.0,298.99,0.0,0.0,0.0,0.0,0.05,0.1,0.85,1.0,EVT-2026-574928,IND_ROUTINE,Real_Database_Telemetry_Unseen
2923.80223173,8.0,2.02,2.02,0.0,301.23,0.0,0.0,0.0,0.0,0.05,0.1,0.85,1.0,EVT-2026-3C016E,IND_ROUTINE,Real_Database_Telemetry_Unseen
945.34618986,8.0,3.42,3.42,0.0,297.85,0.0,0.0,0.0,0.0,0.05,0.1,0.85,1.0,EVT-2026-74A191,IND_ROUTINE,Real_Database_Telemetry_Unseen
1047.03247001,8.0,1.39,1.39,0.0,299.33,0.0,0.0,0.0,0.0,0.05,0.1,0.85,1.0,EVT-2026-CFCB6F,IND_ROUTINE,Real_Database_Telemetry_Unseen
6295.72948121,0.0,2.46,2.335,0.015625,304.51,0.0,0.0,0.0,0.0,0.05,0.1,0.85,1.0,EVT-2026-0E9E06,IND_ROUTINE,Real_Database_Telemetry_Unseen
247014.83571915,0.0,1.87,1.478279569892473,0.13116581632653065,316.22,97.01666666666667,0.0,0.0,0.0,0.05,0.1,0.85,1.0,EVT-2026-022E03,IND_ROUTINE,Real_Database_Telemetry_Unseen
362.07681377,8.0,0.74,0.74,0.0,304.11,0.0,0.0,0.0,0.0,0.05,0.1,0.85,1.0,EVT-2026-C3E6F6,IND_ROUTINE,Real_Database_Telemetry_Unseen
597.2839298730667,33.0,8.13161431295391,7.44451262746795,3.3407017671147665,320.3978218694542,91.37199151864856,0.5062909828378611,38.71644727393951,12.928195845328249,0.05,0.05,0.85,1.0,TIER-C-ROUTINE-035,IND_ROUTINE,Heldout_Verified_Tier_C
612.6993229541317,22.0,6.980551674029631,8.874880954913966,0.8780707282254728,323.878982020338,37.60514851987273,0.589700588643639,81.40327259112118,14.099415585960518,0.05,0.05,0.85,1.0,TIER-C-ROUTINE-022,IND_ROUTINE,Heldout_Verified_Tier_C
200.41473338394988,12.0,16.46048798686398,9.660251136384566,3.8961922147428023,327.30019035052857,103.51789650170836,0.4124788137196554,41.79313825508922,8.670165377512099,0.05,0.05,0.85,1.0,TIER-C-ROUTINE-009,IND_ROUTINE,Heldout_Verified_Tier_C
181.61872053601803,33.0,14.043597152007496,8.398316138466308,3.491463721651632,326.055516664658,116.78541719680668,0.5864645516457755,68.20417026436606,10.79415884176072,0.05,0.05,0.85,1.0,TIER-C-ROUTINE-018,IND_ROUTINE,Heldout_Verified_Tier_C
261.4392821785468,22.0,9.87647136197157,10.837569877439863,2.339721542851823,331.3442467438836,95.92132285038966,0.5724405947316378,40.40190728696058,13.380227053639029,0.05,0.05,0.85,1.0,TIER-C-ROUTINE-015,IND_ROUTINE,Heldout_Verified_Tier_C
156.69142983261156,33.0,15.74301323231852,3.5233817208479863,3.967614686152562,328.8200579785532,118.36334034844616,0.5877992844171955,49.43289142370959,9.98491074605349,0.05,0.05,0.85,1.0,TIER-C-ROUTINE-031,IND_ROUTINE,Heldout_Verified_Tier_C
546.4352244777587,22.0,12.712746972650448,5.639967122269778,0.7910507539436453,323.8853347327423,24.39806814313825,0.5883065820568882,70.97340133374234,12.623911769125408,0.05,0.05,0.85,1.0,TIER-C-ROUTINE-033,IND_ROUTINE,Heldout_Verified_Tier_C
99.62389162583034,12.0,14.24139008971213,7.457792658615557,0.4414397897083444,323.65602261341,57.20688683740082,0.4585032850952504,41.59336211157591,10.937759061743908,0.05,0.05,0.85,1.0,TIER-C-ROUTINE-028,IND_ROUTINE,Heldout_Verified_Tier_C
205.45473430075072,12.0,6.487589883117468,3.9913082495787062,1.1002059379653872,325.1063949694778,84.79137447973889,0.4125129684438903,33.68295107824729,16.090236402916766,0.05,0.05,0.85,1.0,TIER-C-ROUTINE-012,IND_ROUTINE,Heldout_Verified_Tier_C
148.74019159494378,12.0,7.179645946725546,5.015162703721208,0.8130673414883867,334.5142190312133,42.85641730737616,0.5854247563728898,83.04522414743741,13.712604699370974,0.05,0.05,0.85,1.0,TIER-C-ROUTINE-019,IND_ROUTINE,Heldout_Verified_Tier_C
781.5073501093029,12.0,13.039629137428188,12.75677068745047,1.2936007077388734,329.0375427284237,97.25621756666725,0.4832436117690699,30.92767834595423,12.749509652637482,0.05,0.05,0.85,1.0,TIER-C-ROUTINE-010,IND_ROUTINE,Heldout_Verified_Tier_C
91.41689055727136,22.0,4.122318077924596,7.542252225381649,2.166536918245252,337.7060766457457,29.93035695342896,0.4228863037224717,20.565899559065333,9.555714368693025,0.05,0.05,0.85,1.0,TIER-C-ROUTINE-011,IND_ROUTINE,Heldout_Verified_Tier_C
157.2508419992948,22.0,6.791976660236595,13.297292040474662,3.586542299683147,324.74960651349795,90.78208714181967,0.5146446388899183,41.94720462995025,17.885216479954465,0.05,0.05,0.85,1.0,TIER-C-ROUTINE-020,IND_ROUTINE,Heldout_Verified_Tier_C
173.66358242385382,33.0,5.441864838093441,9.34494759245906,0.6868418569233901,337.3615276290147,60.2451689439202,0.5003035920700333,36.03281002735142,12.709602524347336,0.05,0.05,0.85,1.0,TIER-C-ROUTINE-032,IND_ROUTINE,Heldout_Verified_Tier_C
799.6682774378289,22.0,8.967985545261408,12.01686010115154,0.7657626169186726,318.6092737261792,34.08042422614149,0.4680823112228519,53.18774923487139,14.151291405411998,0.05,0.05,0.85,1.0,TIER-C-ROUTINE-024,IND_ROUTINE,Heldout_Verified_Tier_C
175.51777417758575,12.0,3.815861227834668,9.908952321984334,3.899565851164549,319.3960130922926,71.90627265624931,0.5495588699518745,72.66680813546954,12.138274653207958,0.05,0.05,0.85,1.0,TIER-C-ROUTINE-004,IND_ROUTINE,Heldout_Verified_Tier_C
203.12491937618225,22.0,9.827579876004847,10.17924680343626,3.3657316111035875,321.39456857153846,14.06764574365836,0.5558205172791574,59.63033263492004,14.996395696221215,0.05,0.05,0.85,1.0,TIER-C-ROUTINE-005,IND_ROUTINE,Heldout_Verified_Tier_C
512.7080205383764,33.0,10.984378139271817,3.6875476020630567,0.772843120090812,329.3594859463216,44.00662225943515,0.5876631457302632,73.21811491646329,17.83567206513663,0.05,0.05,0.85,1.0,TIER-C-ROUTINE-039,IND_ROUTINE,Heldout_Verified_Tier_C
543.5619385618927,12.0,15.896920122174684,7.178255210944821,1.3801091121455238,327.079798223994,94.3442715368858,0.4252004055727988,32.76724903168113,17.51444825663092,0.05,0.05,0.85,1.0,TIER-C-ROUTINE-017,IND_ROUTINE,Heldout_Verified_Tier_C
244.75312921281048,33.0,14.730761538956374,5.260813515607015,0.6628058828142518,320.31402636360605,14.943001290688033,0.5047172970442906,34.186891725092416,17.894317657796314,0.05,0.05,0.85,1.0,TIER-C-ROUTINE-040,IND_ROUTINE,Heldout_Verified_Tier_C
68.92800938619816,33.0,6.273113018282583,12.55182539300963,1.0737089156868975,323.2649469303602,12.070566202220352,0.5741338068251035,71.51866285859376,14.27328935090678,0.05,0.05,0.85,1.0,TIER-C-ROUTINE-021,IND_ROUTINE,Heldout_Verified_Tier_C
270.6582044258331,12.0,91.90895786342544,109.56863601641574,38.150787814696926,367.5945995798308,112.8838590022165,0.5218224689493935,27.880071838352208,84.87458871783303,0.05,0.05,0.85,1.0,TIER-C-FLARE-011,IND_FLARE,Heldout_Verified_Tier_C
64.58178971573889,12.0,96.0065848043865,63.34638798634873,72.54339744974521,362.0689761437265,74.42923071706517,0.5032420244470419,60.51011285498344,36.09711941582568,0.05,0.05,0.85,1.0,TIER-C-FLARE-035,IND_FLARE,Heldout_Verified_Tier_C
206.3930600849228,12.0,93.70122491939324,53.90459373723581,38.11168921999908,357.4640544257264,77.64479142137532,0.3206141033171882,37.1744519656064,69.81788898044186,0.05,0.05,0.85,1.0,TIER-C-FLARE-033,IND_FLARE,Heldout_Verified_Tier_C
198.10639799588705,34.0,127.57456064493483,35.93458519789888,81.63712193117496,363.71788280460055,41.05176564133419,0.3635682991320327,33.66014968396082,47.51983031131261,0.05,0.05,0.85,1.0,TIER-C-FLARE-025,IND_FLARE,Heldout_Verified_Tier_C
54.89414677058284,56.0,123.0416425535176,97.45812866460965,101.41329952938558,373.1831837195846,102.37257112037248,0.3600846053602877,52.00701647115247,90.71611202509544,0.05,0.05,0.85,1.0,TIER-C-FLARE-015,IND_FLARE,Heldout_Verified_Tier_C
163.3889152462845,34.0,69.90789650061475,30.092709053204405,54.26170993634543,373.5001117327462,116.40975321099238,0.5014437446001621,52.93692921825839,49.92441042195776,0.05,0.05,0.85,1.0,TIER-C-FLARE-004,IND_FLARE,Heldout_Verified_Tier_C
109.11418890061768,12.0,75.59511812655259,84.62355522474473,51.43107927212864,358.5503891129002,46.84975781131463,0.377469305899848,51.324705450455234,67.48723334863749,0.05,0.05,0.85,1.0,TIER-C-FLARE-036,IND_FLARE,Heldout_Verified_Tier_C
123.84527003691838,56.0,125.45893925882385,103.1775675841083,91.05616266460169,368.1353412350554,104.3415521017009,0.4754004270497474,23.01903488463108,68.28943913159759,0.05,0.05,0.85,1.0,TIER-C-FLARE-038,IND_FLARE,Heldout_Verified_Tier_C
310.6913038625954,12.0,105.5658840689866,77.52012705923366,70.20440305370917,354.73715790463274,24.290666555745684,0.3522245025934287,22.02396248545012,68.681355875821,0.05,0.05,0.85,1.0,TIER-C-FLARE-009,IND_FLARE,Heldout_Verified_Tier_C
352.95015366617594,34.0,95.77470922375376,81.91521918955488,31.430055180378066,360.7958729431348,127.16118412196624,0.3812828094949096,27.135250831472096,58.53701061683117,0.05,0.05,0.85,1.0,TIER-C-FLARE-037,IND_FLARE,Heldout_Verified_Tier_C
234.15736901445365,56.0,80.52619322642451,33.33629347462305,93.58035671600427,372.6928139239111,86.49902007006128,0.3776134926466322,41.06419914039658,89.25858633875008,0.05,0.05,0.85,1.0,TIER-C-FLARE-012,IND_FLARE,Heldout_Verified_Tier_C
311.08453668864007,12.0,71.20204910762794,66.56591331475994,58.52418680576319,348.3577779046056,66.61577599564654,0.4377567701197685,39.66561653282639,89.14469206367596,0.05,0.05,0.85,1.0,TIER-C-FLARE-023,IND_FLARE,Heldout_Verified_Tier_C
418.65757040912376,56.0,64.50899854500797,89.16640070729252,16.20670969630211,359.0369860531866,157.05986934130553,0.3335641849647371,45.985463293116666,93.98917867931353,0.05,0.05,0.85,1.0,TIER-C-FLARE-019,IND_FLARE,Heldout_Verified_Tier_C
180.61367606686565,34.0,133.81768531603572,103.86874898280804,25.769636071276928,358.6037300683282,103.68545132396714,0.450939741765462,26.63178407621356,99.4112578376116,0.05,0.05,0.85,1.0,TIER-C-FLARE-022,IND_FLARE,Heldout_Verified_Tier_C
330.777233462686,34.0,71.74421865061217,108.63595620358537,54.81878640394714,370.4469280679932,145.2948726839905,0.4119723469137701,52.91932082377134,42.1528701704794,0.05,0.05,0.85,1.0,TIER-C-FLARE-034,IND_FLARE,Heldout_Verified_Tier_C
98.88014445347685,34.0,77.47970892242182,68.59099836623578,16.40360674223654,359.06295938395937,117.27948954484926,0.3046524991879776,31.852917911174625,50.59672694670424,0.05,0.05,0.85,1.0,TIER-C-FLARE-031,IND_FLARE,Heldout_Verified_Tier_C
383.29467953474847,56.0,120.33493008877151,88.61540702024871,116.56267669026838,370.3196055514373,154.0454968142215,0.5800713250372944,63.08087951242852,85.56941315048743,0.05,0.05,0.85,1.0,TIER-C-FLARE-043,IND_FLARE,Heldout_Verified_Tier_C
283.2710048275932,56.0,112.33619897515322,104.46944423467956,36.27642658421103,363.8648185199539,124.9641015961162,0.5040335656340917,39.48910145200189,36.15461687684814,0.05,0.05,0.85,1.0,TIER-C-FLARE-010,IND_FLARE,Heldout_Verified_Tier_C
422.60066723163845,34.0,121.5980399214358,51.31447993709738,61.61154272316967,348.59165987692523,67.35063520814109,0.4507893727890391,18.37056464084634,71.83217970373738,0.05,0.05,0.85,1.0,TIER-C-FLARE-018,IND_FLARE,Heldout_Verified_Tier_C
185.4655554050744,56.0,80.10890217389814,91.65635340049334,105.61210189363106,362.36100513320287,137.67823596410753,0.3890360046059551,47.48217660943613,60.892246525247934,0.05,0.05,0.85,1.0,TIER-C-FLARE-024,IND_FLARE,Heldout_Verified_Tier_C
425.2884622336502,34.0,127.57751424356834,98.27131170320456,86.93910253682083,350.9816603120998,65.64299226661677,0.3929420625967407,29.997416783857275,73.62542447822923,0.05,0.05,0.85,1.0,TIER-C-FLARE-020,IND_FLARE,Heldout_Verified_Tier_C
199.8835615639805,34.0,98.11578304055448,114.13256037985347,49.15166012207796,373.41435610253,155.7212805537365,0.3034441979248133,42.00699158848866,108.282817478868,0.05,0.05,0.85,1.0,TIER-C-FLARE-005,IND_FLARE,Heldout_Verified_Tier_C
22.458989985139397,56.0,60.35713095197112,28.63157441737297,58.175109389431526,351.51217808538155,27.22932803933594,0.4081280481424458,62.024295064514185,77.46355184188032,0.05,0.05,0.85,1.0,TIER-C-FLARE-044,IND_FLARE,Heldout_Verified_Tier_C
389.72424921824864,34.0,117.67563780899496,65.89108807608896,81.17595804289658,354.7063574360666,125.58635956082202,0.4282804001110012,41.55273088888474,83.69917434326612,0.05,0.05,0.85,1.0,TIER-C-FLARE-017,IND_FLARE,Heldout_Verified_Tier_C
154.49453536045223,12.0,59.36190893242512,26.294330146487653,95.25710557582488,364.8410632913282,133.77157792813824,0.3116814050062996,65.22717766983914,81.46446500272275,0.05,0.05,0.85,1.0,TIER-C-FLARE-045,IND_FLARE,Heldout_Verified_Tier_C
158.18476125366686,56.0,174.04798164576164,158.12244935863586,506.4333109935127,380.4592732703964,11.19865783421944,0.6374598656207294,29.529813229102896,56.72571495986958,0.05,0.05,0.85,1.0,TIER-C-FIRE-004,IND_FIRE,Heldout_Verified_Tier_C
514.3437330623991,34.0,423.9321140088917,238.60166334698428,520.6349226182374,372.2701640734346,26.561868393529977,0.6724039883541199,14.7955990820875,46.868020822270736,0.05,0.05,0.85,1.0,TIER-C-FIRE-016,IND_FIRE,Heldout_Verified_Tier_C
540.8160494832158,56.0,246.86034484294407,148.8319894322487,419.5717805739652,419.97719593595474,33.968074791363904,0.3881953738756425,24.062072111888824,46.69884013850624,0.05,0.05,0.85,1.0,TIER-C-FIRE-019,IND_FIRE,Heldout_Verified_Tier_C
369.2130073905511,12.0,293.3010651143335,240.17734164968533,193.70753600077785,418.6539081486167,22.472021199979004,0.4216794878545123,12.598562806375682,34.216666484693995,0.05,0.05,0.85,1.0,TIER-C-FIRE-017,IND_FIRE,Heldout_Verified_Tier_C
174.24548552651314,12.0,276.59335629703423,187.9056145726177,853.5972565825011,393.00011977904,14.083394914092338,0.6306987072104988,6.191031435912665,54.06996896672787,0.05,0.05,0.85,1.0,TIER-C-FIRE-015,IND_FIRE,Heldout_Verified_Tier_C
350.6527281573182,34.0,334.8577011449112,342.41811330891363,191.3349773263689,395.2397799152264,53.981052628643205,0.6450561884596715,9.481390297694752,57.00013927054726,0.05,0.05,0.85,1.0,TIER-C-FIRE-025,IND_FIRE,Heldout_Verified_Tier_C
562.2709530228002,34.0,194.8458604739325,266.4038887532716,548.5888003994183,390.33370349992913,68.99328135544954,0.5090158866928213,10.47793698674846,43.35853917509195,0.05,0.05,0.85,1.0,TIER-C-FIRE-005,IND_FIRE,Heldout_Verified_Tier_C
183.24552241599235,34.0,324.69875747886044,305.90335109786565,353.0568625253559,382.29037196530766,33.77692150158412,0.6578571190310538,5.011069535930197,61.055323865677394,0.05,0.05,0.85,1.0,TIER-C-FIRE-009,IND_FIRE,Heldout_Verified_Tier_C
620.557156701529,56.0,248.1753405502347,263.0690993453286,943.9538314998232,389.3161586538233,44.725840262688855,0.4662415583629342,26.181791693046485,61.08945613848952,0.05,0.05,0.85,1.0,TIER-C-FIRE-011,IND_FIRE,Heldout_Verified_Tier_C
50.88429325178685,56.0,221.15798703872085,191.3194438188337,735.3797892513703,402.0317796401293,34.62040989323872,0.6036275757033502,20.240775291422548,60.84163198628876,0.05,0.05,0.85,1.0,TIER-C-FIRE-018,IND_FIRE,Heldout_Verified_Tier_C
626.1006708372472,34.0,406.9206115131544,234.74600284326664,159.68249342088595,370.4519234539646,30.84987801408078,0.6704776273727128,10.71691949009022,50.37454755486749,0.05,0.05,0.85,1.0,TIER-C-FIRE-008,IND_FIRE,Heldout_Verified_Tier_C
142.28421478496466,56.0,454.2499278899359,348.44865354728176,185.92903919649268,408.0503961747696,31.790340249749967,0.456983274491792,23.85662433367557,61.73705728581635,0.05,0.05,0.85,1.0,TIER-C-FIRE-010,IND_FIRE,Heldout_Verified_Tier_C
396.9790396522164,56.0,474.1290636327833,241.270991610509,875.1367711315495,378.1940511890241,49.140410547211154,0.6239440749442344,28.68488123966117,38.49360564068094,0.05,0.05,0.85,1.0,TIER-C-FIRE-001,IND_FIRE,Heldout_Verified_Tier_C
576.413367323156,56.0,321.9065304751781,170.79614008149207,181.143970660534,371.8009409145713,19.21419341477295,0.6467081418024001,12.061968599425668,63.01836682301183,0.05,0.05,0.85,1.0,TIER-C-FIRE-012,IND_FIRE,Heldout_Verified_Tier_C
468.3256291457821,56.0,307.7491660201981,331.82873985221244,705.6763418026283,406.4490530827909,63.148217842390096,0.4096286357368763,25.176772596667572,32.809624118259684,0.05,0.05,0.85,1.0,TIER-C-FIRE-022,IND_FIRE,Heldout_Verified_Tier_C
