event_id,facility_id,dist_to_facility,facility_category_encoded,peak_frp_mw,mean_frp_mw,frp_variance,max_brightness_k,duration_hours,day_night_ratio,historical_active_days_90d,historical_peak_frp,pct_cropland,pct_forest,pct_urban,is_industrial_zone,label,label_quality
SYN-INDFIRE-000,FAC-IND-004,32.906018411707336,3,461.2568767571361,146.24226674444606,542.0301836225395,514.5371934865789,40.67853776222044,0.5584786958648507,0,23.682995224019,0.05,0.05,0.9445897960283702,1,IND_FIRE,SYNTHETIC
SYN-INDFIRE-001,FAC-IND-019,225.72477322306747,5,769.9614768586383,732.2959768024574,3835.9956148706497,458.4817404485415,51.91913873810661,0.6732397744350008,1,33.98249561673593,0.05,0.05,0.8631313183533799,1,IND_FIRE,SYNTHETIC
SYN-INDFIRE-002,FAC-IND-016,179.4125087701047,6,870.3811440350162,423.22898820814817,3491.6621760929384,396.27690433606426,23.653285940520203,0.44066599615591096,4,9.57149917147751,0.05,0.05,0.8684163355841304,1,IND_FIRE,SYNTHETIC
SYN-INDFIRE-003,FAC-IND-023,29.717395952172758,10,160.83114949203866,595.0026007325516,2404.9749399390325,418.33916865499344,6.034298270519221,0.43770888851675466,2,30.669972643352022,0.05,0.05,0.6764633105195406,1,IND_FIRE,SYNTHETIC
SYN-INDFIRE-004,FAC-IND-014,433.09965691236283,9,1038.1728978560477,236.82472992108958,4364.170365804885,365.6441554106606,28.72278900074636,0.49761744647986406,0,39.69787513516679,0.05,0.05,0.9049139997695105,1,IND_FIRE,SYNTHETIC
SYN-INDFIRE-005,FAC-IND-020,163.05774579157188,9,556.4281003176495,94.27357853389529,3635.4647517184076,417.56006064990083,44.10468306478653,0.48062965439530336,1,22.893415138892877,0.05,0.05,0.6638446156976783,1,IND_FIRE,SYNTHETIC
SYN-INDFIRE-006,FAC-IND-008,294.4374825790867,4,1113.1858402987816,512.9828727131555,2751.826892586995,426.5520405739834,32.11850108835227,0.3471442457517796,3,10.762319722375047,0.05,0.05,0.6468259078192504,1,IND_FIRE,SYNTHETIC
SYN-INDFIRE-007,FAC-IND-023,392.05002255799394,3,1187.6180437962971,413.1563510760051,1347.9745730762058,491.0234732102642,71.24596361456173,0.57319436770577,2,16.812946457572377,0.05,0.05,0.8766835553797465,1,IND_FIRE,SYNTHETIC
SYN-INDFIRE-008,FAC-IND-002,457.9560910478923,9,998.7133440629917,362.7693588319315,1732.9959884136363,378.53580308839565,57.63243615517688,0.43588713440584353,3,32.056658197246335,0.05,0.05,0.7612119076405424,1,IND_FIRE,SYNTHETIC
SYN-INDFIRE-009,FAC-IND-013,136.24151585785108,4,301.1510467645044,419.7815952937062,4685.513361695468,479.24800697392976,5.181303422024027,0.6830229433913181,0,37.41708156064242,0.05,0.05,0.8229336382953994,1,IND_FIRE,SYNTHETIC
SYN-INDFIRE-010,FAC-IND-012,458.20572944676627,9,832.3925377092027,655.3596649745425,1756.1559928550575,412.64626381401115,66.94774553760323,0.6594332969232131,4,19.980406603770298,0.05,0.05,0.8391659142655745,1,IND_FIRE,SYNTHETIC
SYN-INDFIRE-011,FAC-IND-021,85.11594721624706,7,146.22827898654742,506.9141941760408,1282.743669561565,395.99544851145316,21.173684105629928,0.5344453047179658,4,31.867331263333046,0.05,0.05,0.72421984416722,1,IND_FIRE,SYNTHETIC
SYN-INDFIRE-012,FAC-IND-011,429.2953322016649,9,809.4098787557845,323.14710185327635,3377.121786980885,490.3716029862854,41.16394386084739,0.4835822826979315,0,37.62112362486989,0.05,0.05,0.8978760106806962,1,IND_FIRE,SYNTHETIC
SYN-INDFIRE-013,FAC-IND-007,470.49217815930183,9,785.7793464836026,719.200437473622,2462.5775267346667,481.751856743792,59.22411794669874,0.4372481677871702,4,15.924082641515378,0.05,0.05,0.6103781593661448,1,IND_FIRE,SYNTHETIC
SYN-INDFIRE-014,FAC-IND-018,323.6428105381441,6,688.2394637354183,120.38958041133777,1778.6181921264172,381.8174314390478,38.654934581761545,0.6360148763776723,2,5.954170604018822,0.05,0.05,0.8171560664311049,1,IND_FIRE,SYNTHETIC
SYN-INDFIRE-015,FAC-IND-013,337.6272021546322,10,251.7864820312032,518.3554267209938,1010.2117778892184,454.4996135489055,20.266348814349453,0.6063848038413172,3,12.665369288473368,0.05,0.05,0.8270732394115972,1,IND_FIRE,SYNTHETIC
SYN-INDFIRE-016,FAC-IND-024,250.24186978407946,1,185.6375627055986,114.94031599938452,3406.9407976941607,393.2595086783224,30.30005700100268,0.5518968598678368,0,22.585119201833567,0.05,0.05,0.7765001197920289,1,IND_FIRE,SYNTHETIC
SYN-INDFIRE-017,FAC-IND-004,114.01201540047923,8,288.8784565094543,691.296304486182,2764.3790018567834,386.40027710187616,29.820264532920497,0.48874449992060787,0,30.458578050425572,0.05,0.05,0.9160600721715471,1,IND_FIRE,SYNTHETIC
SYN-INDFIRE-018,FAC-IND-005,261.48350207760546,1,1115.6888655971452,547.1982935250733,3319.8456796780565,363.4473650324731,19.765155556187814,0.5052120066184593,2,25.626658175253,0.05,0.05,0.8628749031920571,1,IND_FIRE,SYNTHETIC
SYN-INDFIRE-019,FAC-IND-012,415.191653852863,8,560.4500008732298,314.9495682039205,2420.54014414603,419.3878766455212,66.4099176388097,0.651978829658908,1,6.489011257797824,0.05,0.05,0.9446752916240452,1,IND_FIRE,SYNTHETIC
SYN-INDFIRE-020,FAC-IND-004,136.8762769448556,5,715.7572430439086,100.70951638185228,4642.652110947163,368.5667857999714,31.417436146708617,0.32775986864194556,3,18.410539636006526,0.05,0.05,0.8214875246535043,1,IND_FIRE,SYNTHETIC
SYN-INDFIRE-021,FAC-IND-003,388.30094682980734,2,941.4818320879896,478.90146768979037,1636.034466526445,367.06551263769927,22.3425535925353,0.45337542820316973,0,27.60286949569695,0.05,0.05,0.8133308262467233,1,IND_FIRE,SYNTHETIC
SYN-INDFIRE-022,FAC-IND-002,251.40989581791678,1,488.81251650156935,150.16307267545295,3071.2063711609626,407.96947685369116,44.771968905697754,0.6814033358130616,4,28.91682921078372,0.05,0.05,0.7361272105246509,1,IND_FIRE,SYNTHETIC
SYN-INDFIRE-023,FAC-IND-006,201.56208779921548,3,861.197323372532,467.3319582896718,1235.164677100543,506.0057915738663,37.91776869884019,0.45744331110904307,4,15.469825614473777,0.05,0.05,0.6449650886532614,1,IND_FIRE,SYNTHETIC
SYN-INDFIRE-024,FAC-IND-021,376.34208547123586,1,626.8465383142648,492.1889822321785,1302.3841718466776,456.0176890649534,55.86289790573119,0.6934731362025932,1,16.304008082563865,0.05,0.05,0.761948623290565,1,IND_FIRE,SYNTHETIC
SYN-INDFIRE-025,FAC-IND-020,118.87451871720988,7,911.7145066896503,111.78338858746577,2112.19060553033,468.8869410774396,33.79546113103864,0.5148880757124042,2,29.521109279342294,0.05,0.05,0.6946488980418754,1,IND_FIRE,SYNTHETIC
SYN-INDFIRE-026,FAC-IND-010,379.9184565358532,6,944.3200594306978,274.4057902067502,3701.5890711505863,393.28226100640023,6.430261061256993,0.34138745704841017,1,38.70901042746708,0.05,0.05,0.8436136986082855,1,IND_FIRE,SYNTHETIC
SYN-INDFIRE-027,FAC-IND-003,172.38404456136692,2,819.7496107617617,449.3861694064461,4270.257090565405,471.0794720743021,24.96500626503859,0.3450101609630467,4,11.85561193723027,0.05,0.05,0.6460280601617803,1,IND_FIRE,SYNTHETIC
SYN-INDFIRE-028,FAC-IND-006,85.43806318943405,5,1083.9489004391298,721.1427723111906,2073.4312080678037,486.810383996454,20.132556398173225,0.4011068620387056,1,13.987155898289485,0.05,0.05,0.611579619893853,1,IND_FIRE,SYNTHETIC
SYN-INDFIRE-029,FAC-IND-008,80.25862165435386,4,1029.4721518692982,781.9945868329854,2690.943736738249,444.68249491853976,38.466388054511256,0.4385437084992079,4,16.1473545355708,0.05,0.05,0.7236643158158648,1,IND_FIRE,SYNTHETIC
SYN-INDFIRE-030,FAC-IND-012,163.6697019193074,8,443.4430567141948,696.7862838856323,4300.495348670334,391.806858401779,52.78464526518456,0.42295197474405566,1,23.717299831893683,0.05,0.05,0.6608577102402963,1,IND_FIRE,SYNTHETIC
SYN-INDFIRE-031,FAC-IND-017,432.71068815334945,10,1043.3247795724728,69.33870847257646,3343.8460126000373,459.09490820451464,10.012083445974792,0.5419288311065544,2,20.54030313827501,0.05,0.05,0.7843630098471361,1,IND_FIRE,SYNTHETIC
SYN-INDFIRE-032,FAC-IND-009,144.72425918635446,1,105.21337698324263,414.1245197488517,2349.0848819707353,430.3209430581899,53.27555027447846,0.40029496202911047,0,22.875847465969088,0.05,0.05,0.6265338133403389,1,IND_FIRE,SYNTHETIC
SYN-INDFIRE-033,FAC-IND-008,142.28218985303937,6,434.57453704192557,130.9401982236247,4695.059232471014,439.85847989261174,43.26014678918049,0.6478958498404864,4,36.350124081695746,0.05,0.05,0.7423345708514377,1,IND_FIRE,SYNTHETIC
SYN-INDFIRE-034,FAC-IND-014,157.52269988522835,10,832.684008720635,773.2073293411619,1884.9003519408086,366.0141637454918,43.52448095571604,0.4092467993715302,4,16.696687813464774,0.05,0.05,0.9227557667361395,1,IND_FIRE,SYNTHETIC
SYN-INDFIRE-035,FAC-IND-022,66.59196277346531,7,1009.7577571899984,612.6570733034043,4920.3455574437085,405.20979740356626,27.88299992137173,0.6724100237762368,0,27.58477413343146,0.05,0.05,0.7285255185667915,1,IND_FIRE,SYNTHETIC
SYN-INDFIRE-036,FAC-IND-016,310.2994658507009,10,302.70910953633575,442.1748460692533,2000.4855097148807,480.3196628490509,60.27051519647368,0.4900014825437394,3,28.200479108556006,0.05,0.05,0.8265606841817082,1,IND_FIRE,SYNTHETIC
SYN-INDFIRE-037,FAC-IND-013,37.089190482371734,1,555.961205160567,215.50114417145684,3278.6574681263173,409.1357689519142,14.359869147543838,0.4486367164332152,3,27.519233726211777,0.05,0.05,0.6428791463163313,1,IND_FIRE,SYNTHETIC
SYN-INDFIRE-038,FAC-IND-023,21.11699888706542,9,825.8418610836397,782.9837449677193,2788.196104746611,427.24818926988945,39.98739907653335,0.3866442244662186,0,9.51353668950098,0.05,0.05,0.8709839771143331,1,IND_FIRE,SYNTHETIC
SYN-INDFIRE-039,FAC-IND-017,499.4688136278892,7,590.5850451625897,631.5126704095666,2757.320069694542,441.11224817001624,40.39174893799401,0.42714548196749724,4,23.18390873249335,0.05,0.05,0.9049084099983868,1,IND_FIRE,SYNTHETIC
SYN-INDFIRE-040,FAC-IND-004,397.4584516086682,10,825.3745133096475,162.3492195693421,2077.6474727419036,477.58820724766304,11.291948072135707,0.33461771894942727,2,19.041582334037237,0.05,0.05,0.803751305404964,1,IND_FIRE,SYNTHETIC
SYN-INDFIRE-041,FAC-IND-007,307.4465145517071,3,553.4038534201256,697.7905640314317,2866.5939905578257,436.9733838154558,41.228153436802714,0.507689118953741,3,30.815813549990974,0.05,0.05,0.6903425379000814,1,IND_FIRE,SYNTHETIC
SYN-INDFIRE-042,FAC-IND-008,109.64422278142392,5,1156.7499430965106,705.5334708779474,1116.8918787775247,362.5249581142231,37.40610323305226,0.30867768361667364,4,21.846771273984377,0.05,0.05,0.6875324982808038,1,IND_FIRE,SYNTHETIC
SYN-INDFIRE-043,FAC-IND-002,269.25327339308376,8,645.0194467731368,344.2574108646084,1425.1822612766575,411.01684149389723,64.54240286402816,0.37100674768180536,2,23.197220193281154,0.05,0.05,0.8017240501535268,1,IND_FIRE,SYNTHETIC
SYN-INDFIRE-044,FAC-IND-023,318.4895757738496,2,1084.1953190143954,93.07023056047069,3741.727978608625,450.1488377404322,35.29110966460379,0.4961300718639335,3,14.076346669987277,0.05,0.05,0.7709031761446996,1,IND_FIRE,SYNTHETIC
SYN-INDFIRE-045,FAC-IND-020,481.94101854158856,6,342.2042779247102,205.93783921233413,1832.8801815784273,443.77160320165075,15.620008209204425,0.5883402740287285,4,18.712066728091674,0.05,0.05,0.6422472953740398,1,IND_FIRE,SYNTHETIC
SYN-INDFIRE-046,FAC-IND-004,441.663829949578,1,453.3087121690717,289.23118824627363,376.51877800443873,376.6283333125884,36.81322877146384,0.5285377028785275,1,23.934959739540528,0.05,0.05,0.6354788839235548,1,IND_FIRE,SYNTHETIC
SYN-INDFIRE-047,FAC-IND-016,158.33934972488183,2,456.79777762399306,736.1000466410233,4546.742668801615,448.5081610374952,15.365957865051577,0.4419102083574438,4,37.216559972735446,0.05,0.05,0.8442469329235667,1,IND_FIRE,SYNTHETIC
SYN-INDFIRE-048,FAC-IND-020,480.02428280753895,5,609.7769154327518,423.17456538465865,2353.909447989048,452.5572509495141,70.05933665141538,0.6351606469349096,2,22.90649751210018,0.05,0.05,0.9062002414118995,1,IND_FIRE,SYNTHETIC
SYN-INDFIRE-049,FAC-IND-004,374.4674621096913,6,1124.2084093541434,335.61591008832016,4553.397675057077,494.0423384150438,23.130667783719982,0.5598431739436167,0,21.6403171995796,0.05,0.05,0.63663940958229,1,IND_FIRE,SYNTHETIC
SYN-INDFIRE-050,FAC-IND-010,230.59164078087974,8,1184.645306677596,238.30655232073966,1457.5048185531837,360.9218234298341,67.23141139247345,0.36559598243572555,0,37.840368069152,0.05,0.05,0.9059444138628197,1,IND_FIRE,SYNTHETIC
SYN-INDFIRE-051,FAC-IND-010,379.28837449987157,7,699.9416589656944,683.2868937724094,3302.924462820544,374.0940237198729,69.24717666953059,0.5728043330133716,1,15.464352326626022,0.05,0.05,0.7268447502869962,1,IND_FIRE,SYNTHETIC
SYN-INDFIRE-052,FAC-IND-022,95.86725169594713,2,1047.9137130136664,92.49454143432959,586.5486810919647,515.9777399495522,50.694633757493264,0.3602824656147734,2,33.33162855405536,0.05,0.05,0.8134210844089051,1,IND_FIRE,SYNTHETIC
SYN-INDFIRE-053,FAC-IND-001,317.05419620790906,3,488.7794695352532,543.3636506575685,4450.591521181336,519.1447508984443,16.07469407444603,0.6389959084133914,0,29.583600789588477,0.05,0.05,0.743666843868531,1,IND_FIRE,SYNTHETIC
SYN-INDFIRE-054,FAC-IND-014,478.3347355364264,7,755.8092375158326,326.8634404799502,475.75449686090326,401.56552566802276,51.91016718560812,0.6648061965961397,1,8.081450280451392,0.05,0.05,0.9388689867046478,1,IND_FIRE,SYNTHETIC
SYN-INDFIRE-055,FAC-IND-023,210.71489624270643,7,865.3054970446998,225.5656967903515,2071.653218253966,509.0764799623149,21.630998922685205,0.3334127855169444,3,8.108907852792884,0.05,0.05,0.7585728590823804,1,IND_FIRE,SYNTHETIC
SYN-INDFIRE-056,FAC-IND-014,27.142639483147573,4,1089.0845735279179,505.5057908379966,4358.960141318143,466.0520783505246,70.04633899561345,0.5889380734362395,4,22.43912479368708,0.05,0.05,0.8414961433518038,1,IND_FIRE,SYNTHETIC
SYN-INDFIRE-057,FAC-IND-014,450.2887841607463,7,1162.0376896055952,741.078175833813,3947.464167138466,511.2988551975693,61.67347908911371,0.4197046532606181,1,12.447176459455783,0.05,0.05,0.8785655219719781,1,IND_FIRE,SYNTHETIC
SYN-INDFIRE-058,FAC-IND-015,50.25129608804217,5,1096.8754948554101,616.2366100914634,2207.8165713529424,452.500121708689,46.81950950501144,0.32054374738887237,0,31.86300004447731,0.05,0.05,0.8582949350953757,1,IND_FIRE,SYNTHETIC
SYN-INDFIRE-059,FAC-IND-018,208.7512250207537,6,684.0966449400465,714.2238585303857,3816.2623303327773,500.990606577608,26.52623457827896,0.45343712515320395,3,24.555668388336418,0.05,0.05,0.8194558370362424,1,IND_FIRE,SYNTHETIC
SYN-INDFLARE-000,FAC-IND-001,278.7144483806561,4,122.10741334548307,64.36920143393004,46.746300817552324,360.23469421886307,1081.2476169220693,0.51636977515061,55,126.1961420764019,0.1,0.05,0.688228286855241,1,IND_FLARE,SYNTHETIC
SYN-INDFLARE-001,FAC-IND-006,55.87707292097481,3,144.02224400627017,160.52777218282765,19.17412161615535,405.4808161122694,1325.2360619657888,0.6019261367575914,45,136.68756739959605,0.1,0.05,0.932635906851141,1,IND_FLARE,SYNTHETIC
SYN-INDFLARE-002,FAC-IND-002,112.51243738556963,6,9.431254914520983,88.27706180148854,60.87824801907145,350.9692724284121,1667.087804269532,0.4052241662422386,39,130.5152092594539,0.1,0.05,0.9225915165532541,1,IND_FLARE,SYNTHETIC
SYN-INDFLARE-003,FAC-IND-019,41.00757748134143,4,115.65040143797548,60.065616185265704,41.76622361927062,341.8444103939551,1503.316648659884,0.5415497293038213,66,102.27239837290611,0.1,0.05,0.6651161414263678,1,IND_FLARE,SYNTHETIC
SYN-INDFLARE-004,FAC-IND-023,317.7302703484229,2,17.625196240615768,30.363539637318528,64.20379958006559,415.7935676815458,1771.5166159674063,0.5395269175035612,38,18.735250551732186,0.1,0.05,0.7239001832869646,1,IND_FLARE,SYNTHETIC
SYN-INDFLARE-005,FAC-IND-007,94.74184462754609,9,193.5552860109403,96.36026585121755,78.81437052905919,401.2659956828045,1278.2547060384586,0.35658983415976736,43,183.70668783937214,0.1,0.05,0.7145545685634953,1,IND_FLARE,SYNTHETIC
SYN-INDFLARE-006,FAC-IND-005,190.04338043248356,2,158.0884560366803,19.190924784660066,59.33823917624591,413.65222524391646,287.9430733798448,0.44266043794457527,85,62.70753885903153,0.1,0.05,0.7489189763957238,1,IND_FLARE,SYNTHETIC
SYN-INDFLARE-007,FAC-IND-024,200.8448842046,1,153.31160588423148,123.32387024328307,77.52373349579634,384.8834524391154,921.4338857414592,0.44311918679085116,23,149.04355855857816,0.1,0.05,0.8672146979653392,1,IND_FLARE,SYNTHETIC
SYN-INDFLARE-008,FAC-IND-009,266.29936141766774,9,49.52423286701426,170.81617798340577,17.801030042875155,370.860952395906,383.600539221974,0.454795574102652,73,107.1164132764212,0.1,0.05,0.7756171365153179,1,IND_FLARE,SYNTHETIC
SYN-INDFLARE-009,FAC-IND-024,311.3509624604302,8,40.42878442885772,62.01513376609583,11.752382396224185,419.45663033949256,1584.3189834231334,0.5320988953164092,56,219.96167566205682,0.1,0.05,0.763683556909568,1,IND_FLARE,SYNTHETIC
SYN-INDFLARE-010,FAC-IND-003,8.5460250216122,2,173.91804173143387,68.28845169921958,31.45401791511887,334.5701476317336,1988.1605229077468,0.6476895596493901,66,201.20596649195724,0.1,0.05,0.7922572565817991,1,IND_FLARE,SYNTHETIC
SYN-INDFLARE-011,FAC-IND-016,58.80543777022743,7,21.946224619884575,140.9982427404678,30.32264023591804,353.6196267250973,226.75403258450882,0.4074421948769122,40,28.556880906680718,0.1,0.05,0.7688722294885357,1,IND_FLARE,SYNTHETIC
SYN-INDFLARE-012,FAC-IND-022,35.23538181150642,8,180.06212239856427,7.7381368986538375,9.641605271141554,346.75316514407035,777.1546862761522,0.5556821268815617,40,46.294988662079,0.1,0.05,0.7820593738337046,1,IND_FLARE,SYNTHETIC
SYN-INDFLARE-013,FAC-IND-011,252.93480020730593,9,220.39683582703535,49.735093471630016,9.959860970827885,427.49159085351437,1218.7077014604822,0.4455842043886376,51,99.65564865301701,0.1,0.05,0.8254156034289363,1,IND_FLARE,SYNTHETIC
SYN-INDFLARE-014,FAC-IND-003,73.81217230812514,3,226.710182210109,107.13269257260507,35.00231945389484,413.7882833769301,765.1999954069579,0.4965061627390726,58,19.51894603317516,0.1,0.05,0.7413079583671811,1,IND_FLARE,SYNTHETIC
SYN-INDFLARE-015,FAC-IND-023,172.79207545511483,7,164.26878434100067,35.89674732572359,28.42638760612263,338.0480964361828,1967.4736135018195,0.4903594861652981,67,204.260599108518,0.1,0.05,0.7285199868821337,1,IND_FLARE,SYNTHETIC
SYN-INDFLARE-016,FAC-IND-011,31.32289201984661,6,38.56100099181808,65.44456342772844,40.306918235505776,345.04356840302125,1777.5565393604766,0.5665697055091788,79,118.72261158527857,0.1,0.05,0.8132210973856382,1,IND_FLARE,SYNTHETIC
SYN-INDFLARE-017,FAC-IND-022,267.36386199016096,4,67.70590103986514,25.181189171943004,3.3872518040363016,396.9761123754465,124.44765590155842,0.4903209087483389,59,167.2852510319919,0.1,0.05,0.7365806539793941,1,IND_FLARE,SYNTHETIC
SYN-INDFLARE-018,FAC-IND-017,190.54228279705305,8,23.687751328459196,102.23391661451981,5.637261502660823,408.3635260195058,495.75324638419426,0.3982427104345344,43,122.50966644184867,0.1,0.05,0.7375054959290025,1,IND_FLARE,SYNTHETIC
SYN-INDFLARE-019,FAC-IND-014,42.7502958026331,7,160.0183604416574,140.33358575462245,18.89495594465658,361.93340440278234,286.410287676425,0.6280180576780108,81,148.21281394846352,0.1,0.05,0.7173773888129366,1,IND_FLARE,SYNTHETIC
SYN-INDFLARE-020,FAC-IND-017,23.98365985120715,3,151.38256946700469,91.14315478768454,5.015837686903134,353.80718641563334,1444.8582108853468,0.6279192457718398,77,139.4817313232081,0.1,0.05,0.837203631978087,1,IND_FLARE,SYNTHETIC
SYN-INDFLARE-021,FAC-IND-021,259.5605083463432,6,198.2621498240104,177.35827554130134,40.54431517256168,388.88875735711235,541.2858892360425,0.5155318507311701,53,77.25114061266652,0.1,0.05,0.6567072732740481,1,IND_FLARE,SYNTHETIC
SYN-INDFLARE-022,FAC-IND-021,8.835067583649584,8,103.31009611005132,3.5890791480387314,37.64327116984991,389.85612925305696,2153.759999572154,0.4966550115847063,67,78.91170401819464,0.1,0.05,0.8432796140822373,1,IND_FLARE,SYNTHETIC
SYN-INDFLARE-023,FAC-IND-011,321.09128302472914,7,206.81770853767614,36.35413860668281,47.69182624419445,374.88528567349,2032.9895361182953,0.4761305321559339,65,151.92213286927228,0.1,0.05,0.8758004197826562,1,IND_FLARE,SYNTHETIC
SYN-INDFLARE-024,FAC-IND-009,194.8206896790125,5,116.73020945206163,47.27169155375993,23.039342659472712,334.9436902224951,490.6496720303111,0.39587996833444306,85,104.27062939903209,0.1,0.05,0.8009702152100716,1,IND_FLARE,SYNTHETIC
SYN-INDFLARE-025,FAC-IND-016,293.0499305415211,1,134.87215387452355,5.091140915954615,47.011570285507275,399.4842200950282,205.2225863611897,0.6380807452449204,20,193.15439894878745,0.1,0.05,0.7399660415179893,1,IND_FLARE,SYNTHETIC
SYN-INDFLARE-026,FAC-IND-002,349.46703510296214,2,101.61980406066435,91.35463140748224,53.143810499706895,330.51323122943717,2069.8371222652913,0.5179070347978241,59,209.528003251703,0.1,0.05,0.8882517097703366,1,IND_FLARE,SYNTHETIC
SYN-INDFLARE-027,FAC-IND-017,248.01185992484812,10,115.60408582294346,175.22226600681563,38.229964863417884,337.6350929861438,555.1924726266695,0.518392720300633,73,172.9503120611722,0.1,0.05,0.8895479258809844,1,IND_FLARE,SYNTHETIC
SYN-INDFLARE-028,FAC-IND-024,33.51405888067099,9,100.83701502955022,35.400262100784246,5.317769247278557,404.23001806712426,141.88356878731798,0.6464079856618934,60,172.50305158736882,0.1,0.05,0.7746705646818586,1,IND_FLARE,SYNTHETIC
SYN-INDFLARE-029,FAC-IND-006,248.0869059633193,4,107.21909424850085,75.96696305269425,25.58326149477556,391.5563569857492,1378.5407397263791,0.432192367401114,33,59.49670179362192,0.1,0.05,0.8212803801910886,1,IND_FLARE,SYNTHETIC
SYN-INDFLARE-030,FAC-IND-013,300.1755432238545,6,15.40372704029788,154.3057060673669,50.239526293286396,354.1106474237973,1327.0010156617218,0.48702341651155584,45,117.0855337502051,0.1,0.05,0.6579229220138382,1,IND_FLARE,SYNTHETIC
SYN-INDFLARE-031,FAC-IND-007,168.72567469681258,2,44.85665072243069,99.09888461793078,10.560066138091948,417.4983671433215,1575.1284386479815,0.4460820886773691,44,152.24610226842148,0.1,0.05,0.7615410339498606,1,IND_FLARE,SYNTHETIC
SYN-INDFLARE-032,FAC-IND-007,328.8740072558015,9,86.25396859006584,67.37726361259479,54.41539484758372,360.0501231711708,2079.9289301266954,0.5168799485737051,83,132.4323263998729,0.1,0.05,0.9356889122801052,1,IND_FLARE,SYNTHETIC
SYN-INDFLARE-033,FAC-IND-015,127.89223341933834,6,26.176055438236485,82.3089406750664,12.193343333915289,380.73715044874393,1265.0774009057168,0.47758706606226686,60,43.71136380688968,0.1,0.05,0.8264391916012641,1,IND_FLARE,SYNTHETIC
SYN-INDFLARE-034,FAC-IND-005,183.43163549655478,6,179.1305054895452,120.48081258671708,5.021511003954194,389.6296987003158,1276.6163987250752,0.47858051630828236,20,179.7035370244527,0.1,0.05,0.7789227395775629,1,IND_FLARE,SYNTHETIC
SYN-INDFLARE-035,FAC-IND-005,318.87887351658355,7,172.68439877240195,21.403300514164076,13.254974659335733,419.58432183891347,2004.703551548078,0.5812529213987514,34,184.45891592159407,0.1,0.05,0.9410264267435469,1,IND_FLARE,SYNTHETIC
SYN-INDFLARE-036,FAC-IND-008,280.81054651215237,6,156.42323764436102,159.03067264371774,18.377223841865842,383.82981169997686,1241.8735561152935,0.5701589686511086,90,36.17094271214684,0.1,0.05,0.8755815317047189,1,IND_FLARE,SYNTHETIC
SYN-INDFLARE-037,FAC-IND-024,318.51145541203715,1,86.76695366826853,174.48765577385862,16.903156741090775,343.74227520925524,1571.8752555741557,0.48066466468169466,35,125.72563870908803,0.1,0.05,0.685482533172717,1,IND_FLARE,SYNTHETIC
SYN-INDFLARE-038,FAC-IND-017,85.45950719440451,4,37.69099453249778,36.01052679603654,66.3028413080612,429.4611197769368,1788.735855169729,0.47030508333942433,29,72.01504826039759,0.1,0.05,0.6816630299723475,1,IND_FLARE,SYNTHETIC
SYN-INDFLARE-039,FAC-IND-009,16.52517275703854,7,224.35039963666256,77.41078880384325,55.53188921828214,370.397278103996,836.5424707163239,0.533118051076277,47,120.27331813980351,0.1,0.05,0.8355199344738018,1,IND_FLARE,SYNTHETIC
SYN-INDFLARE-040,FAC-IND-002,102.9247288756335,4,5.2865366824076006,123.63629117624683,45.380665994210375,376.9241823463234,125.6726152123374,0.5282767777473244,51,99.82249574988649,0.1,0.05,0.6516628389196187,1,IND_FLARE,SYNTHETIC
SYN-INDFLARE-041,FAC-IND-012,145.43795069913244,6,244.31224567530626,13.515409471853228,10.30982228517123,398.3136665366967,2138.575782380223,0.3904549970631699,64,124.55361999127915,0.1,0.05,0.8504544703858267,1,IND_FLARE,SYNTHETIC
SYN-INDFLARE-042,FAC-IND-013,164.38768264899284,8,232.46689244233337,126.34889673002384,3.550560741564095,360.6147549753944,1942.6121343053578,0.553762173057167,87,200.64994802647345,0.1,0.05,0.9472079033204954,1,IND_FLARE,SYNTHETIC
SYN-INDFLARE-043,FAC-IND-021,182.2251737247915,10,16.07048826188954,56.356491551458156,29.89685519552694,350.4516072236134,812.0665026174468,0.3942131776388203,49,69.8698885753466,0.1,0.05,0.7021930469492601,1,IND_FLARE,SYNTHETIC
SYN-INDFLARE-044,FAC-IND-022,75.6439678050708,5,7.086325650907577,22.962433524159472,3.57050817428369,411.9684404722366,605.6294790019424,0.3638769561993569,74,172.85612705375453,0.1,0.05,0.7752470554045248,1,IND_FLARE,SYNTHETIC
SYN-INDFLARE-045,FAC-IND-002,288.9106412370278,1,213.56772913316087,175.34856607271237,53.72449529720329,339.3953563293559,2070.561077110722,0.5379952112157194,61,100.47138051147166,0.1,0.05,0.7522925286786066,1,IND_FLARE,SYNTHETIC
SYN-INDFLARE-046,FAC-IND-011,66.44747770592124,6,124.02647431694011,174.72599800373834,30.1370049398767,420.8990221684487,215.1953650786602,0.5228929596174402,43,65.00868645221533,0.1,0.05,0.7259558546254659,1,IND_FLARE,SYNTHETIC
SYN-INDFLARE-047,FAC-IND-022,238.48136679912994,6,219.39258273983558,52.45543840249317,7.1540997230465155,377.6275395098952,1160.7741536759168,0.5183809498587195,59,27.177052989510635,0.1,0.05,0.7236657816703853,1,IND_FLARE,SYNTHETIC
SYN-INDFLARE-048,FAC-IND-003,178.0354367701289,6,241.36448842818112,140.94867802157128,60.62508518599961,425.28655669136685,1497.0765431197822,0.5683563039621384,26,178.42127303157105,0.1,0.05,0.9168693900620288,1,IND_FLARE,SYNTHETIC
SYN-INDFLARE-049,FAC-IND-002,230.81256384124742,5,91.45400978691895,72.88155204161052,73.4309558946573,398.4010092369716,912.3429000443385,0.5689225629302174,43,152.50683941118018,0.1,0.05,0.8922875456546121,1,IND_FLARE,SYNTHETIC
SYN-INDFLARE-050,FAC-IND-005,278.16484032125805,9,227.02731449586474,96.3513433413705,22.923008884309926,331.50291736689303,1685.8354522450913,0.4942373226710417,67,186.15328700419911,0.1,0.05,0.6887878343482956,1,IND_FLARE,SYNTHETIC
SYN-INDFLARE-051,FAC-IND-016,95.18390118145506,5,104.65563995270227,89.13653939121464,44.71847583194393,412.9347379780879,1596.611568679999,0.6351575560628797,76,101.58281356705032,0.1,0.05,0.7610563004117483,1,IND_FLARE,SYNTHETIC
SYN-INDFLARE-052,FAC-IND-015,223.1629508647287,6,17.802140512091285,87.9945063031156,40.20432795003727,331.96566040462693,2036.7561590906848,0.5937489948594141,65,108.3694954449494,0.1,0.05,0.8956566170259155,1,IND_FLARE,SYNTHETIC
SYN-INDFLARE-053,FAC-IND-018,166.88124406982163,8,145.59031730920842,26.77601155755152,51.1007512042613,338.63402825760613,1383.0185692335901,0.5572679036968432,80,94.05951546245527,0.1,0.05,0.8418402480707338,1,IND_FLARE,SYNTHETIC
SYN-INDFLARE-054,FAC-IND-019,286.8810329174412,5,125.78146935205375,121.36707446414292,23.552653898182903,333.609627144782,1339.349412440676,0.4009636121472289,39,213.7042391292792,0.1,0.05,0.6859135873821253,1,IND_FLARE,SYNTHETIC
SYN-INDFLARE-055,FAC-IND-003,216.25109738954743,7,221.76734850297234,38.9927514801912,68.34135377133946,387.5779098827797,1320.4013862315392,0.3891787747249722,24,217.49490448487808,0.1,0.05,0.9425064472699123,1,IND_FLARE,SYNTHETIC
SYN-INDFLARE-056,FAC-IND-007,235.09132156756056,6,65.61956486090077,141.56947954681195,52.13197912415416,361.03706582368306,1046.5334432493844,0.4276683425132773,35,62.39820769185158,0.1,0.05,0.8200651844089383,1,IND_FLARE,SYNTHETIC
SYN-INDFLARE-057,FAC-IND-009,324.21162689475454,3,134.85763979033598,19.259604926223695,54.87356351448428,356.47703067686376,700.7544863295633,0.6148664935471229,44,186.20873870971403,0.1,0.05,0.9344855109417247,1,IND_FLARE,SYNTHETIC
SYN-INDFLARE-058,FAC-IND-022,131.49497390453462,8,41.213299484799734,125.93038894487975,49.894889806992275,419.86549918769543,1856.386496007613,0.6319891687322823,55,132.2946866408499,0.1,0.05,0.8667430480539146,1,IND_FLARE,SYNTHETIC
SYN-INDFLARE-059,FAC-IND-017,39.46819652174809,5,220.8980609604043,101.10382681927872,74.51298002062937,426.2300146768199,1740.0380993239621,0.5775332872844632,55,177.49396662600688,0.1,0.05,0.8243928630506703,1,IND_FLARE,SYNTHETIC
SYN-INDFLARE-060,FAC-IND-005,304.68012687730595,8,103.27050165771388,137.36468523172107,7.705906852314067,402.6303882897564,1758.6836484449873,0.5552346063387416,31,100.29880375088963,0.1,0.05,0.7077730145141381,1,IND_FLARE,SYNTHETIC
SYN-INDFLARE-061,FAC-IND-010,192.43746222341838,3,6.701998957043285,9.256600067277407,75.45979521507684,373.9056424411522,1503.4168595782446,0.3998525001913724,87,53.57427118209662,0.1,0.05,0.6516432733043838,1,IND_FLARE,SYNTHETIC
SYN-INDFLARE-062,FAC-IND-005,87.82837539577847,9,169.95229302027596,126.00147159902566,28.86338907222269,399.0804978526715,1663.8523183522357,0.5367494421190497,31,160.66952629593612,0.1,0.05,0.8923784015961413,1,IND_FLARE,SYNTHETIC
SYN-INDFLARE-063,FAC-IND-002,179.56528069368468,7,206.28007945026135,100.1078053908783,57.6636298073874,365.43856433666946,1600.8490223357194,0.3698793824684839,33,17.311531341827248,0.1,0.05,0.8755045888345415,1,IND_FLARE,SYNTHETIC
SYN-INDFLARE-064,FAC-IND-019,59.45873474335222,3,35.24665471622872,3.8608340141955284,49.96851577136162,404.0224991109873,428.4417473250924,0.6386487067749671,76,209.13034741548944,0.1,0.05,0.792431927907882,1,IND_FLARE,SYNTHETIC
SYN-INDFLARE-065,FAC-IND-018,260.19076496358196,6,239.03079531570106,148.4766703187839,27.860219338793147,372.5484081592937,1180.7913100027006,0.6087575090318722,67,212.94133523235337,0.1,0.05,0.8968454884991646,1,IND_FLARE,SYNTHETIC
SYN-INDFLARE-066,FAC-IND-016,245.4208368389936,2,15.272102616247501,6.396692189812142,51.35858906836435,414.50576892497116,1095.863742324479,0.5658060264116773,43,71.4814539095241,0.1,0.05,0.8523548151898863,1,IND_FLARE,SYNTHETIC
SYN-INDFLARE-067,FAC-IND-004,51.69684052726691,3,188.4340944834252,8.75486655187238,40.58386770726529,402.9776893551374,450.1052916995481,0.4826320022682197,89,127.85376341805583,0.1,0.05,0.931590747927036,1,IND_FLARE,SYNTHETIC
SYN-INDFLARE-068,FAC-IND-008,187.2596746433201,2,140.87779070802057,91.5904876360989,29.3188533169299,335.37670121452413,434.85548156004006,0.4923826995048088,40,128.05508762607045,0.1,0.05,0.9270314139839182,1,IND_FLARE,SYNTHETIC
SYN-INDFLARE-069,FAC-IND-024,265.7693084209168,10,104.46159506312416,93.10332878752213,55.98678258868506,359.27317659234143,646.1152632075383,0.5252610550160578,51,197.79172653853536,0.1,0.05,0.9366352346510282,1,IND_FLARE,SYNTHETIC
SYN-INDROUTINE-000,FAC-IND-002,284.06044951540156,14,46.43428448608031,3.111705569618038,0.2666353774006851,327.2168910249988,396.762861960121,0.48610630067029137,67,31.142548143325488,0.1,0.05,0.837242483471063,1,IND_ROUTINE,SYNTHETIC
SYN-INDROUTINE-001,FAC-IND-019,36.14442318016596,12,27.30326247446483,3.8318151043236632,5.288968254523578,357.1015824133904,1820.0524388262486,0.5423910645115068,84,15.512095343207704,0.1,0.05,0.8391858760747891,1,IND_ROUTINE,SYNTHETIC
SYN-INDROUTINE-002,FAC-IND-021,5.006920877794921,18,10.398027032035348,30.13543965760336,3.873984091906687,352.59295570087744,324.8954087121543,0.5050251408109072,49,52.53541009228371,0.1,0.05,0.6019941463842924,1,IND_ROUTINE,SYNTHETIC
SYN-INDROUTINE-003,FAC-IND-015,163.333013180907,12,29.940130126898058,23.315759810292235,4.07058352479394,350.73248606503023,183.52132702986256,0.5016452270003751,71,20.466528465709747,0.1,0.05,0.7175194774467593,1,IND_ROUTINE,SYNTHETIC
SYN-INDROUTINE-004,FAC-IND-017,127.1355843952315,19,49.2520446672967,20.042348370535713,4.181200530172187,327.1167089758155,783.2107849787261,0.5477713619571596,76,54.68247130760679,0.1,0.05,0.750669773510652,1,IND_ROUTINE,SYNTHETIC
SYN-INDROUTINE-005,FAC-IND-020,50.71889200008665,11,34.448483595991064,5.157150233558019,12.370426107871713,344.22698941726344,1654.77370331569,0.4526613869673555,46,38.34643680467056,0.1,0.05,0.875977770527711,1,IND_ROUTINE,SYNTHETIC
SYN-INDROUTINE-006,FAC-IND-018,182.16963997342387,17,3.628127012938167,35.459761024563285,11.460399200677905,344.34391779562344,1965.2550034617811,0.47773101902587023,45,52.59938504045938,0.1,0.05,0.7980876395233245,1,IND_ROUTINE,SYNTHETIC
SYN-INDROUTINE-007,FAC-IND-003,288.56830307187323,17,29.432549673656194,41.32552294120815,13.560446465230655,319.6543069177918,1019.0110850033883,0.49143018523532445,60,2.565718776007077,0.1,0.05,0.7427935654093702,1,IND_ROUTINE,SYNTHETIC
SYN-INDROUTINE-008,FAC-IND-014,183.21033086457965,12,10.042453810706851,31.038961939662286,7.081222333905452,341.2301210273484,319.68591474908305,0.5444560377173888,70,29.360103859032193,0.1,0.05,0.6565371729521425,1,IND_ROUTINE,SYNTHETIC
SYN-INDROUTINE-009,FAC-IND-011,46.41454857455007,18,50.34028261171932,3.060872543176275,1.9309121406962044,330.17824125054244,1896.2968153930944,0.5376231903700242,52,31.06536112567725,0.1,0.05,0.8100265817358429,1,IND_ROUTINE,SYNTHETIC
SYN-INDROUTINE-010,FAC-IND-010,198.6037851675314,12,59.91770110378766,22.38046189389447,2.027895233874238,324.3541973369749,1588.270292829561,0.5230493996954989,54,32.434288645894455,0.1,0.05,0.731637672056943,1,IND_ROUTINE,SYNTHETIC
SYN-INDROUTINE-011,FAC-IND-014,53.90418257350216,11,4.145834569676208,20.573732868414908,7.981743934608115,356.973314179164,1448.3453372387598,0.4799289862019231,57,21.801553695674556,0.1,0.05,0.6019486144473374,1,IND_ROUTINE,SYNTHETIC
SYN-INDROUTINE-012,FAC-IND-005,13.899347538317581,16,48.17142571595765,4.885791189652324,7.7493951062548865,354.5310974871832,1583.5934399949333,0.4583898079349812,86,37.25351344920556,0.1,0.05,0.6892229169520784,1,IND_ROUTINE,SYNTHETIC
SYN-INDROUTINE-013,FAC-IND-013,157.2905614595752,13,52.710836815094765,24.46011834760739,12.109137852989761,336.2661463686136,724.5916880108608,0.5421787810782859,89,61.47232359228281,0.1,0.05,0.7722140985257032,1,IND_ROUTINE,SYNTHETIC
SYN-INDROUTINE-014,FAC-IND-023,207.71918308371372,20,22.706108064301585,10.09523171156594,8.738803640354977,335.49446432952124,1449.185819564494,0.48801475081742046,89,64.7447155388657,0.1,0.05,0.6160071056090929,1,IND_ROUTINE,SYNTHETIC
SYN-INDROUTINE-015,FAC-IND-008,30.06407716648688,18,39.41212032777651,21.751804186466668,12.473781401369074,338.3051681395476,902.7054046086693,0.5138449170696383,60,11.219007827324386,0.1,0.05,0.732853851465338,1,IND_ROUTINE,SYNTHETIC
SYN-INDROUTINE-016,FAC-IND-001,219.83943742911967,18,49.07296406053886,37.38266035737863,5.733081374854305,334.86341095340117,1901.010742891823,0.45759860464565094,50,43.67823665865472,0.1,0.05,0.7619590607122966,1,IND_ROUTINE,SYNTHETIC
SYN-INDROUTINE-017,FAC-IND-024,131.63020822060105,19,13.277587714178805,33.38092787293742,0.33014529198354287,348.38355124770305,1077.2771653987843,0.5182591408112046,77,51.68609350077067,0.1,0.05,0.8685153984977063,1,IND_ROUTINE,SYNTHETIC
SYN-INDROUTINE-018,FAC-IND-017,69.21126744337587,15,4.508122539409714,37.341543271747504,2.336759969544766,334.83461716450665,638.3652956528668,0.485528938735399,55,2.6158178013960924,0.1,0.05,0.810111364289357,1,IND_ROUTINE,SYNTHETIC
SYN-INDROUTINE-019,FAC-IND-021,238.8363797780877,11,11.462347887710832,12.840479628222118,14.900779739382164,350.81993689815863,1088.9325283905764,0.5047981090528625,64,37.21099579431123,0.1,0.05,0.8586893681345673,1,IND_ROUTINE,SYNTHETIC
SYN-INDROUTINE-020,FAC-IND-023,100.7583038012442,15,41.1540712045767,19.494799267704554,8.26579043506786,358.6500122201263,706.805649734762,0.5340374986574984,49,27.567987420861922,0.1,0.05,0.6972896422816339,1,IND_ROUTINE,SYNTHETIC
SYN-INDROUTINE-021,FAC-IND-021,171.88665119706425,16,51.49754476185646,39.18761293738307,4.097159866509831,352.50361520723965,1985.1014552397914,0.49455559298027724,50,27.714287381986757,0.1,0.05,0.770745013532445,1,IND_ROUTINE,SYNTHETIC
SYN-INDROUTINE-022,FAC-IND-014,115.91047332171682,11,19.869441007110133,30.31369637564157,8.766199715781596,350.90653001308084,1433.3678092997798,0.474610243793667,58,36.770955923294736,0.1,0.05,0.69476296849757,1,IND_ROUTINE,SYNTHETIC
SYN-INDROUTINE-023,FAC-IND-016,112.00402877505232,18,22.83211705745984,12.15239025226072,8.987959006289628,334.7236200412052,1707.285803227132,0.5249887297349125,68,17.636589532073806,0.1,0.05,0.6644982001057808,1,IND_ROUTINE,SYNTHETIC
SYN-INDROUTINE-024,FAC-IND-018,205.71846378379377,17,48.770364741786615,8.448046545120594,8.689969583957168,330.3843901549551,1208.7439696004562,0.4706495468963257,75,35.07673658349414,0.1,0.05,0.6834519729449647,1,IND_ROUTINE,SYNTHETIC
SYN-INDROUTINE-025,FAC-IND-007,58.91107046275394,17,21.13631556489541,36.888719644235834,9.5703515082879,351.2148939279207,1786.3899362460118,0.5009486899473665,55,37.221344358305224,0.1,0.05,0.8851620233739268,1,IND_ROUTINE,SYNTHETIC
SYN-INDROUTINE-026,FAC-IND-002,157.5512354958768,18,9.621376859402528,27.4187743222804,11.224723327550356,332.50133897325475,1366.8845983534857,0.4824480333856905,80,51.1446659863111,0.1,0.05,0.7167402874125007,1,IND_ROUTINE,SYNTHETIC
SYN-INDROUTINE-027,FAC-IND-023,160.33484622792247,12,27.196980610681763,35.86005138776898,9.727059983349626,348.6277647930513,1579.0034228521986,0.5063591702287552,86,24.168274715871355,0.1,0.05,0.6722290090718126,1,IND_ROUTINE,SYNTHETIC
SYN-INDROUTINE-028,FAC-IND-008,41.38886329865376,18,48.40271127038966,32.004369990685305,5.182133493850272,333.080353312208,1845.293886653099,0.5062457724910605,84,63.05106875212124,0.1,0.05,0.6931606491872598,1,IND_ROUTINE,SYNTHETIC
SYN-INDROUTINE-029,FAC-IND-015,284.8286512156504,17,38.18417897125869,36.873594729112426,5.924681424439035,352.4621484993843,1187.6009402288755,0.494444692045945,87,53.03854121620609,0.1,0.05,0.8926406145941297,1,IND_ROUTINE,SYNTHETIC
SYN-INDROUTINE-030,FAC-IND-001,299.72023813854736,15,6.322921742342819,44.72072231863067,10.810772589630021,317.259147713283,1984.7960497348759,0.4789834754469869,50,37.74675894521461,0.1,0.05,0.7489767569824881,1,IND_ROUTINE,SYNTHETIC
SYN-INDROUTINE-031,FAC-IND-006,86.59328856428276,17,48.39538187498851,14.435531185287962,8.612403816279096,345.25073037111866,566.7628789188882,0.4847642872037368,59,10.584856088080944,0.1,0.05,0.6391908099088048,1,IND_ROUTINE,SYNTHETIC
SYN-INDROUTINE-032,FAC-IND-015,279.95986099960004,18,14.867301123151506,29.610521068297214,9.606613509998912,331.251237353319,568.5569069501513,0.4703188429436464,69,23.717624961156854,0.1,0.05,0.8491893011722708,1,IND_ROUTINE,SYNTHETIC
SYN-INDROUTINE-033,FAC-IND-008,214.40932527624582,20,45.299514673200925,18.40065496619188,5.079833028271277,322.2105962094898,250.15074610414737,0.5498377624891589,47,62.25573312759642,0.1,0.05,0.7024557351348752,1,IND_ROUTINE,SYNTHETIC
SYN-INDROUTINE-034,FAC-IND-011,178.35331718549068,16,16.585353436390903,29.59166218514532,12.849382804998873,359.2738691893056,971.5255004685462,0.47976101738574545,70,62.76437871969615,0.1,0.05,0.6300993994928994,1,IND_ROUTINE,SYNTHETIC
SYN-INDROUTINE-035,FAC-IND-016,93.46734595120624,17,11.049147697312666,41.05651703780838,1.1879561167134272,345.41994395715386,120.57341633837129,0.47745066301993494,67,11.048128377869055,0.1,0.05,0.733106185967505,1,IND_ROUTINE,SYNTHETIC
SYN-INDROUTINE-036,FAC-IND-014,249.12384307331993,19,57.42862990412762,41.25011322136855,9.80927815117095,320.5643514453866,721.4724598524876,0.47757273214609175,71,16.723125677080546,0.1,0.05,0.6801769853648539,1,IND_ROUTINE,SYNTHETIC
SYN-INDROUTINE-037,FAC-IND-009,143.35502259095733,16,26.505002362939365,28.00591571674064,3.560083715669258,343.9598462624551,636.8536597778339,0.477181374303728,60,18.59994107267746,0.1,0.05,0.6939538275980334,1,IND_ROUTINE,SYNTHETIC
SYN-INDROUTINE-038,FAC-IND-020,160.31218275801365,13,53.51140547247755,4.173211216092618,12.920764359103813,318.3724498995683,846.8959592797917,0.5384333018384122,51,37.29562798482835,0.1,0.05,0.7059941272723804,1,IND_ROUTINE,SYNTHETIC
SYN-INDROUTINE-039,FAC-IND-018,179.28810758092368,14,49.43463409682967,22.610830089327425,2.9464822059890934,319.0492055809351,576.1872384949677,0.4753538863602263,78,43.53257589370723,0.1,0.05,0.8934494165881288,1,IND_ROUTINE,SYNTHETIC
SYN-INDROUTINE-040,FAC-IND-017,55.388569062418554,16,43.22494566980162,9.395539750115542,2.139299767246761,318.60564099450204,223.02891700126395,0.4851004685093173,88,2.486348585530768,0.1,0.05,0.674476771805721,1,IND_ROUTINE,SYNTHETIC
SYN-INDROUTINE-041,FAC-IND-005,63.359825329129244,20,13.438420425431461,29.74700995541308,0.524218544330822,350.56823418735365,1124.5701199194189,0.5326073729926695,82,52.251768946490365,0.1,0.05,0.60722126344732,1,IND_ROUTINE,SYNTHETIC
SYN-INDROUTINE-042,FAC-IND-013,182.61517117750387,16,7.169893606678532,12.471413673987538,10.497785390117214,318.08430872609875,1269.4644835923332,0.4519708050089557,76,50.51396504017809,0.1,0.05,0.7185715474472452,1,IND_ROUTINE,SYNTHETIC
SYN-INDROUTINE-043,FAC-IND-011,116.33599096120209,17,29.891774070411962,26.162408610828603,10.94141806058067,329.0690321158567,1033.55728414937,0.50062597263288,60,41.50815639035489,0.1,0.05,0.8805361515883793,1,IND_ROUTINE,SYNTHETIC
SYN-INDROUTINE-044,FAC-IND-006,291.115077383022,11,34.325525496558534,8.90232959924509,6.277488251062155,329.87226001256516,95.0594343245356,0.47318746873916473,87,59.83884750349188,0.1,0.05,0.758723285014275,1,IND_ROUTINE,SYNTHETIC
SYN-INDROUTINE-045,FAC-IND-018,137.04120505866686,20,10.000684604308164,35.95980877751519,3.862436586334535,349.7526692043964,691.8270595938575,0.5446098213480979,75,60.71556351649502,0.1,0.05,0.8212156393170522,1,IND_ROUTINE,SYNTHETIC
SYN-INDROUTINE-046,FAC-IND-006,85.9864827326676,18,42.18167480157846,30.47073049985299,11.900271320859721,319.80963468890536,313.8500614253113,0.5129876174575281,45,5.183383520787613,0.1,0.05,0.789410935896759,1,IND_ROUTINE,SYNTHETIC
SYN-INDROUTINE-047,FAC-IND-008,197.8172818925613,17,58.194655260964055,37.060400391212596,1.2633743571392335,329.4524513208279,1814.525060997225,0.4821723959088822,81,38.819599960368336,0.1,0.05,0.7149022248430437,1,IND_ROUTINE,SYNTHETIC
SYN-INDROUTINE-048,FAC-IND-016,189.95809051728352,12,29.16998733442233,20.58621214596976,5.684040196726734,326.2047444580132,233.123907086299,0.46687934645403906,82,6.9511042683902575,0.1,0.05,0.6260757733925785,1,IND_ROUTINE,SYNTHETIC
SYN-INDROUTINE-049,FAC-IND-024,137.37428180443996,16,22.387995993166655,22.396474181961622,3.273114257628681,341.5362868370427,210.45646569433723,0.46932271519508123,58,12.791890870589159,0.1,0.05,0.7122678359966377,1,IND_ROUTINE,SYNTHETIC
SYN-INDROUTINE-050,FAC-IND-001,38.48048410706043,14,15.93756462495024,34.58177376759883,5.650424202774298,355.49370728958223,1700.4651959647401,0.5409574801518672,86,35.46418461282061,0.1,0.05,0.7029543001964157,1,IND_ROUTINE,SYNTHETIC
SYN-INDROUTINE-051,FAC-IND-002,56.23852023604492,12,10.028127638592316,22.53405917062063,1.9411819762268188,345.27086507403425,987.539264516772,0.500514816237936,73,7.522736154395399,0.1,0.05,0.707513014606149,1,IND_ROUTINE,SYNTHETIC
SYN-INDROUTINE-052,FAC-IND-005,265.38391341015824,12,38.571951076232,12.136333637390837,8.682134144435496,329.57781233492443,1713.216269373803,0.5054104263543954,88,21.458003413266407,0.1,0.05,0.7168958428883205,1,IND_ROUTINE,SYNTHETIC
SYN-INDROUTINE-053,FAC-IND-020,87.65738125886004,12,0.6043357366115376,20.52032101192388,9.797290577423151,348.4943000639436,1624.3049048759563,0.4522460638946391,51,14.394013720278773,0.1,0.05,0.7237172552550099,1,IND_ROUTINE,SYNTHETIC
SYN-INDROUTINE-054,FAC-IND-004,258.79820206301065,15,21.27331497729459,7.747058764811518,5.049473082330413,325.5282210892416,740.925974308551,0.46811639886148226,87,8.581740020460748,0.1,0.05,0.8135877253271819,1,IND_ROUTINE,SYNTHETIC
SYN-INDROUTINE-055,FAC-IND-023,204.8018956093232,17,20.014801271665533,11.763962961532178,8.887787154299168,352.10525578053756,1165.9464627437424,0.5359144845557374,46,56.776559480497625,0.1,0.05,0.8899039309000067,1,IND_ROUTINE,SYNTHETIC
SYN-INDROUTINE-056,FAC-IND-009,88.54628602102048,15,49.46628858680349,12.681375841403405,6.364186686926099,354.49355040955993,968.3261802975402,0.5373435620880309,49,2.574752186020026,0.1,0.05,0.7557609246836974,1,IND_ROUTINE,SYNTHETIC
SYN-INDROUTINE-057,FAC-IND-016,107.05801912173597,15,21.980478799359876,18.237397479702743,12.510660574690268,323.70106005214444,1175.2080484934454,0.4683011739978473,88,36.64137125037465,0.1,0.05,0.7305249137720344,1,IND_ROUTINE,SYNTHETIC
SYN-INDROUTINE-058,FAC-IND-005,72.81963419558973,19,4.700536430955513,33.52121217272782,12.960069895877348,354.74856750000424,1008.4438974548615,0.5065320022515867,62,33.1640937197261,0.1,0.05,0.8567896199035294,1,IND_ROUTINE,SYNTHETIC
SYN-INDROUTINE-059,FAC-IND-022,21.186708613154913,11,3.335727988910935,42.93009924687768,6.806653864166862,341.07383448399605,1557.3155531707944,0.4983250119170929,64,39.64208027533444,0.1,0.05,0.756323921956843,1,IND_ROUTINE,SYNTHETIC
SYN-INDROUTINE-060,FAC-IND-004,57.8612003539893,19,16.479877979398523,41.369519378809116,12.118736763115836,322.5434080637132,943.781764695989,0.47008703199888624,54,28.970220557695367,0.1,0.05,0.7271744326570784,1,IND_ROUTINE,SYNTHETIC
SYN-INDROUTINE-061,FAC-IND-005,207.04154804679416,17,36.34355090434935,31.501637057551843,3.0734719374751966,344.67260582379276,921.1716127107959,0.5328069138132047,70,8.167306418546326,0.1,0.05,0.7280542904596079,1,IND_ROUTINE,SYNTHETIC
SYN-INDROUTINE-062,FAC-IND-002,170.07075710941842,18,53.66496540113129,36.90161504266166,7.068492940211837,317.27848527879183,1261.1958614482567,0.4888662470758575,65,20.927852417421768,0.1,0.05,0.8466127399551288,1,IND_ROUTINE,SYNTHETIC
SYN-INDROUTINE-063,FAC-IND-024,81.80973512302396,18,2.117478551037917,1.4186343981329017,13.202665320369087,327.9825805356506,1444.652640793815,0.5162288982769158,68,31.64683902108576,0.1,0.05,0.6235628280778502,1,IND_ROUTINE,SYNTHETIC
SYN-INDROUTINE-064,FAC-IND-009,34.68011873849399,14,10.36785174162359,29.06580825234775,8.721247801219844,356.57928181510715,676.4064166544965,0.5317272284683632,70,63.2617257728453,0.1,0.05,0.6329763559901893,1,IND_ROUTINE,SYNTHETIC
SYN-INDROUTINE-065,FAC-IND-006,78.47352238609004,14,57.62923905211645,24.797252676689876,14.38079394118717,348.2222766817704,888.8926658185342,0.5370858302884738,79,8.27981088404279,0.1,0.05,0.7104276687927116,1,IND_ROUTINE,SYNTHETIC
SYN-INDROUTINE-066,FAC-IND-007,236.02999800735392,15,51.94279306416139,19.17483441987051,12.8290022422719,323.9636331646387,1131.1303608031876,0.5274628582111112,48,27.332875651930944,0.1,0.05,0.7919929908913044,1,IND_ROUTINE,SYNTHETIC
SYN-INDROUTINE-067,FAC-IND-020,137.53637170753552,14,25.383603303938376,3.3817513153195486,1.0756797782392102,325.12932458142086,819.7782338899608,0.528361857153209,59,9.176957617608872,0.1,0.05,0.806016637848961,1,IND_ROUTINE,SYNTHETIC
SYN-INDROUTINE-068,FAC-IND-007,57.677295258467716,20,6.895339996968083,12.239769175279537,12.052335249148436,318.41688108503,1315.109901410117,0.517049313163231,63,13.404479619780004,0.1,0.05,0.8064390708500588,1,IND_ROUTINE,SYNTHETIC
SYN-INDROUTINE-069,FAC-IND-021,73.8687659930674,17,36.55935684991908,23.725107712446466,14.684722104200937,329.78984383673776,636.9844555571833,0.4801381851746991,84,46.79843069422962,0.1,0.05,0.6284630010397678,1,IND_ROUTINE,SYNTHETIC
SYN-AGRI-000,FAC-IND-017,399.2580718746434,8,4.560184414686689,2.0535640088547513,9.676447737364006,321.15438835592914,0.5481416089784972,0.8851586750314843,2,9.337115610862135,0.7967292251682966,0.11405968868814872,0.14891067736824304,0,AGRI_BURN,SYNTHETIC
SYN-AGRI-001,NONE,-1.0,0,43.38519483038872,12.148038572630862,8.304304265477409,342.35974708332367,6.707268019318438,0.8836935795168156,3,6.897724338539976,0.797959932808247,0.004441468134187631,0.06653990254140243,0,AGRI_BURN,SYNTHETIC
SYN-AGRI-002,NONE,-1.0,0,40.567070386549624,11.606172873549294,3.8628169780760278,315.08120890013134,7.13849114460016,0.9515588968688917,1,25.542462619189617,0.8051630385486579,0.14993817687030572,0.02228943530052969,0,AGRI_BURN,SYNTHETIC
SYN-AGRI-003,FAC-IND-005,2886.392302152619,4,20.624441074711985,23.86443822496603,6.457079200750246,321.75344963414744,5.973697142249115,0.87580716923518,2,26.20045623685144,0.9499251778628799,0.0334884142729537,0.057182384087323186,0,AGRI_BURN,SYNTHETIC
SYN-AGRI-004,NONE,-1.0,0,44.34407632902253,18.011502830079547,7.383011137896007,321.1376263396569,4.372104147985567,0.96350168991949,0,24.517435779368864,0.8882503479071279,0.024057622318881155,0.012519251634438566,0,AGRI_BURN,SYNTHETIC
SYN-AGRI-005,NONE,-1.0,0,30.214320932657788,8.914230542506692,3.379473331847174,353.6783617887154,4.174650391019414,0.938866479283679,0,27.26766020556481,0.7940243364603441,0.10252301774338955,0.016622260749794886,0,AGRI_BURN,SYNTHETIC
SYN-AGRI-006,FAC-IND-018,2436.9126786131146,8,0.7624295358394171,8.665437350075479,5.139741952813994,331.62173318553454,6.8227635067469805,0.9045489094790351,0,5.0229439507708165,0.7470264434766704,0.11143228584185821,0.044215436851879744,0,AGRI_BURN,SYNTHETIC
SYN-AGRI-007,NONE,-1.0,0,14.676467440720126,21.500751592009475,7.2179890621443565,341.831331215005,3.8811287892625352,0.9331485882828935,0,24.369545040571065,0.884579456552512,0.07925976487311466,0.04348393126449599,0,AGRI_BURN,SYNTHETIC
SYN-AGRI-008,NONE,-1.0,0,25.746434360295225,1.67254068389484,1.6371076102399191,327.0108731702022,5.196725855525762,0.8577804332170866,1,22.446157833457256,0.885618145131507,0.13154084396326518,0.08806762652933452,0,AGRI_BURN,SYNTHETIC
SYN-AGRI-009,FAC-IND-020,965.28977626923,9,30.148177650100763,8.979159840628725,9.563202704752362,355.38172282452996,5.58287674333355,0.8980088615164878,1,9.470505899869583,0.7245741778501713,0.07793695953555149,0.1256289579930374,0,AGRI_BURN,SYNTHETIC
SYN-AGRI-010,NONE,-1.0,0,1.4152024934200247,0.2384504341319934,6.994387795211492,324.4631780402584,2.497659383383193,0.9403790108043344,2,14.674560260987345,0.8378257366531396,0.1415014430327565,0.10698538747072919,0,AGRI_BURN,SYNTHETIC
SYN-AGRI-011,NONE,-1.0,0,35.04541915977884,2.6008104262785543,8.434338268147457,325.24090399187236,1.1244966639426042,0.996832883954039,2,29.44976664504743,0.7174643848841896,0.06740128986097943,0.09551512335329522,0,AGRI_BURN,SYNTHETIC
SYN-AGRI-012,FAC-IND-017,1810.4023306556962,5,9.831999023459904,20.501385644314507,4.888104351038099,328.31456457862714,5.915473350052052,0.904131663125,1,18.819716036115256,0.9079606142035834,0.1316737737477809,0.01971818739192194,0,AGRI_BURN,SYNTHETIC
SYN-AGRI-013,NONE,-1.0,0,9.53019069218724,16.96473370902234,5.542889992410495,362.7752059454269,3.420635303147316,0.9628015485844548,0,20.173011460192814,0.7199366743764157,0.11429623243965012,0.1388988391173742,0,AGRI_BURN,SYNTHETIC
SYN-AGRI-014,NONE,-1.0,0,22.708929123673464,16.538391227642162,7.596539380657289,314.9470720365731,6.479788933784133,0.9520216327844825,3,26.40930326412918,0.7599678198007531,0.05242090998866008,0.005851756863960567,0,AGRI_BURN,SYNTHETIC
SYN-AGRI-015,FAC-IND-014,2673.622225733838,1,42.96985273488064,24.91761730529154,4.980127010645607,326.7011169238073,3.9370158784602154,0.9056240420063045,0,13.037994252891007,0.917485761431978,0.12396777379547301,0.06206019474712535,0,AGRI_BURN,SYNTHETIC
SYN-AGRI-016,NONE,-1.0,0,28.535396280685664,3.527656532137904,9.355223115106563,349.897969650369,2.1011811254121744,0.9086440558226754,2,27.080719903585855,0.7306405473661501,0.09634605583493594,0.1386196312959031,0,AGRI_BURN,SYNTHETIC
SYN-AGRI-017,NONE,-1.0,0,23.122907241361514,3.671113850289471,3.9457087722418422,355.02618744869426,4.160018829864301,0.8882500975806138,2,27.084348294926897,0.9400300399603578,0.04172821268407129,0.1362467898162266,0,AGRI_BURN,SYNTHETIC
SYN-AGRI-018,FAC-IND-011,2437.346065413516,7,41.93445559361389,16.628204093160743,0.6758231002262334,324.935650385585,2.827487285867585,0.9385335489140496,1,9.812003162569747,0.7155985032595957,0.14601144996268606,0.08713037756458132,0,AGRI_BURN,SYNTHETIC
SYN-AGRI-019,NONE,-1.0,0,1.7355837646444134,20.301657402929752,3.4944351166561556,364.18953447019186,5.685938186624861,0.8677700372203557,1,15.493491002977631,0.9291365958410724,0.022685376578717043,0.12134973335643841,0,AGRI_BURN,SYNTHETIC
SYN-AGRI-020,NONE,-1.0,0,17.970435052369595,14.090364071484087,7.239912230358227,337.1055061775676,7.3595667821840856,0.9828241576764132,0,10.388430910050559,0.8737031536973956,0.05584426485180659,0.13123242308246355,0,AGRI_BURN,SYNTHETIC
SYN-AGRI-021,FAC-IND-006,1067.6642012771795,2,27.584863941895147,1.5837568068729813,1.3513275908865672,332.89105643227737,3.798888567533992,0.9251568372770081,0,7.920683784338186,0.7433990828374633,0.015339137631237742,0.11640253425837274,0,AGRI_BURN,SYNTHETIC
SYN-AGRI-022,NONE,-1.0,0,24.575626711928685,20.61063509030682,3.489860753124241,353.7370131057925,3.376779817886466,0.9351243823146217,3,3.004552498223332,0.9404133022121985,0.12137339118085846,0.0848093606731993,0,AGRI_BURN,SYNTHETIC
SYN-AGRI-023,NONE,-1.0,0,40.92321377664258,21.87604258000055,5.462726397631882,346.38406094203594,3.4653981362109243,0.8660735924118966,3,17.81674842955448,0.7971597377245959,0.0036168954110016357,0.10143124019723301,0,AGRI_BURN,SYNTHETIC
SYN-AGRI-024,FAC-IND-018,1194.3600580895213,7,12.100591610690012,5.459931869483589,7.46993809743965,357.9760019240787,2.6162626066246917,0.9394312980503845,1,11.578791534488143,0.761747004457045,0.016353850701791593,0.005684084979587383,0,AGRI_BURN,SYNTHETIC
SYN-AGRI-025,NONE,-1.0,0,24.4543801466143,14.4068417868502,8.003651654025031,363.6027050275411,4.849083407125955,0.9521445417681071,1,25.935910252330483,0.7339977317165597,0.06490479470651858,0.12943703506830842,0,AGRI_BURN,SYNTHETIC
SYN-AGRI-026,NONE,-1.0,0,13.613068026203242,3.785960589972525,8.460568707559467,316.332971296493,7.992329436541147,0.8615837489962899,0,16.586939784725256,0.7971018609184101,0.022338708170323573,0.016606546291817376,0,AGRI_BURN,SYNTHETIC
SYN-AGRI-027,FAC-IND-019,1405.798686855424,7,34.42466076910727,15.320547822114504,5.640429726457988,336.2975237940353,3.7077796724872347,0.9349860982838871,1,17.658095832244282,0.7103608318561874,0.04697463692772378,0.026618711505431825,0,AGRI_BURN,SYNTHETIC
SYN-AGRI-028,NONE,-1.0,0,1.4975190342458446,2.133203184791864,0.8240372720566707,358.76349674593587,4.332844224169961,0.8828017743181419,1,8.141765671702622,0.8953645339469779,0.031029502651860573,0.06717551947648821,0,AGRI_BURN,SYNTHETIC
SYN-AGRI-029,NONE,-1.0,0,4.470074805779777,3.3922129829625924,2.570077313780171,334.11853062991344,2.75045001582452,0.8676021311737249,1,4.132677371211869,0.8213879111301956,0.07618991045047128,0.1229863637622679,0,AGRI_BURN,SYNTHETIC
SYN-AGRI-030,FAC-IND-020,1992.0226507335406,8,15.198114209961078,3.805279923069514,5.822535733002415,326.29883193147987,4.947736035781434,0.89031569147332,2,4.566841769908814,0.8221588439826367,0.1248807136493238,0.13953752305815043,0,AGRI_BURN,SYNTHETIC
SYN-AGRI-031,NONE,-1.0,0,29.15674797525256,19.275193832213546,1.7898367595380285,320.8424936224474,2.1268482696569375,0.991768102379611,3,24.032824943541996,0.7032237025135777,0.057116494231496034,0.09394877896444563,0,AGRI_BURN,SYNTHETIC
SYN-AGRI-032,NONE,-1.0,0,2.6419255155891284,18.72802080117077,6.870489007580071,359.86908348156766,6.419120899650501,0.9151276369303964,0,11.405818834175458,0.873410098102044,0.1226027125464329,0.031176376565413604,0,AGRI_BURN,SYNTHETIC
SYN-AGRI-033,FAC-IND-016,1931.5675012212325,6,24.20607498522449,5.558298665744014,4.256391462795885,359.67054340530643,3.1050830983886257,0.9420563773659465,1,18.360008363914545,0.8803844803112184,0.034333309744693646,0.12369157354964815,0,AGRI_BURN,SYNTHETIC
SYN-AGRI-034,NONE,-1.0,0,0.5279197626951415,21.30539080645412,9.235986042155371,342.3779704684246,7.935586708797316,0.8694157683277389,3,25.502136903370424,0.8493716805813742,0.13451180080728198,0.13951040736529338,0,AGRI_BURN,SYNTHETIC
SYN-AGRI-035,NONE,-1.0,0,22.210734590766503,12.297724352630302,4.8772062027306715,360.0562224527599,7.87194605638865,0.9562077763697527,0,26.546054359942822,0.7045578446565988,0.09008580830802859,0.11712551590871861,0,AGRI_BURN,SYNTHETIC
SYN-AGRI-036,FAC-IND-015,2358.188913630084,6,12.22465458201475,1.754000006747669,6.654015788347462,352.1221852791479,5.689373209873253,0.9891978433978194,3,1.8648534324001718,0.8051662495317814,0.013033332899415034,0.13580547979906463,0,AGRI_BURN,SYNTHETIC
SYN-AGRI-037,NONE,-1.0,0,33.7200185039983,9.319754094000196,2.2186990542530474,351.07740238119464,6.721742991184468,0.9082523810900063,2,18.5476688218939,0.7515656254780104,0.12437157924264652,0.0723714862535156,0,AGRI_BURN,SYNTHETIC
SYN-AGRI-038,NONE,-1.0,0,44.65816076461905,3.425841528712296,6.1215206170897725,322.89675274547466,2.6573728142443307,0.9236027780398053,1,5.447830071145693,0.9183938039951266,0.0597687378778671,0.031485318296714464,0,AGRI_BURN,SYNTHETIC
SYN-AGRI-039,FAC-IND-015,1899.283033678522,2,42.38331227107727,21.91456153761191,8.244146224079017,315.55243997542624,5.569457670525801,0.9968319529055983,2,21.465230994147262,0.9307042868296511,0.05265391008497745,0.06543439618621254,0,AGRI_BURN,SYNTHETIC
SYN-AGRI-040,NONE,-1.0,0,18.995378954912308,24.12261455831654,5.703386887600889,337.4081556912994,2.4517084858313023,0.937870579875246,2,9.692551842762759,0.8662204863157781,0.11881546755470407,0.12073863280370667,0,AGRI_BURN,SYNTHETIC
SYN-AGRI-041,NONE,-1.0,0,14.56331668297616,17.150590851981686,1.7029382675674205,358.33337906001185,3.2704326279085887,0.8628311531080046,0,2.714377277331171,0.9236127438573494,0.06086662886044863,0.10832343232627094,0,AGRI_BURN,SYNTHETIC
SYN-AGRI-042,FAC-IND-006,625.5617436652786,2,12.957067242184399,4.377926381161678,4.943381688945913,337.0770919759772,7.182121671099398,0.8965888864668566,1,1.515251966501046,0.8045405952948762,0.07413436722824425,0.12198646172820028,0,AGRI_BURN,SYNTHETIC
SYN-AGRI-043,NONE,-1.0,0,44.39866790639288,3.8993023268000986,8.50382392531405,326.3175108418176,7.155515531379319,0.9114375081143206,0,10.47789401893567,0.9063196938296847,0.08345346677767997,0.13982387458261786,0,AGRI_BURN,SYNTHETIC
SYN-AGRI-044,NONE,-1.0,0,10.316818276557074,5.286104937051786,3.7115446788134445,356.06753965673715,4.917766982544455,0.8636109143149073,1,6.536913358581574,0.9320576768877682,0.04580369951715888,0.12204425700416507,0,AGRI_BURN,SYNTHETIC
SYN-AGRI-045,FAC-IND-005,1028.2363494113395,4,25.389709517518313,5.180379641638768,7.823890591606285,353.60691321584113,4.659475472704339,0.8668603468523441,0,12.255776738533438,0.73347767162167,0.08375207892020395,0.07630252871508683,0,AGRI_BURN,SYNTHETIC
SYN-AGRI-046,NONE,-1.0,0,24.90480028867869,9.978823770907912,2.7398687053034627,345.7044146047966,2.817956501081147,0.9238575920089868,3,14.14948343688628,0.8233964141573958,0.05617482129971236,0.11295160488460057,0,AGRI_BURN,SYNTHETIC
SYN-AGRI-047,NONE,-1.0,0,29.87152976901655,17.04158942664767,9.274658474421171,328.84211253917067,6.85525164895006,0.8733237482163101,1,2.0756853162876108,0.7922412698200975,0.0664105873392053,0.005332321201037893,0,AGRI_BURN,SYNTHETIC
SYN-AGRI-048,FAC-IND-004,989.2318702696226,7,34.34348996122467,21.075662107787906,7.0551260820947705,340.06018921442205,5.144424639776375,0.8521407145333016,2,18.513581003015204,0.9142409851210084,0.004650274533469045,0.05136183256415393,0,AGRI_BURN,SYNTHETIC
SYN-AGRI-049,NONE,-1.0,0,22.80283822135874,13.259791382440373,7.896196130607718,356.5904545355413,2.923907244199832,0.8850537794030131,0,27.557326515433996,0.862043630514818,0.12597477017913708,0.0665790956035191,0,AGRI_BURN,SYNTHETIC
SYN-AGRI-050,NONE,-1.0,0,3.3302705711467198,20.87959670612534,8.495788276048104,316.6169780434844,4.5780453472219875,0.9000889358128685,0,16.12510949364347,0.8072837437421423,0.034037979569661266,0.07769194511419754,0,AGRI_BURN,SYNTHETIC
SYN-AGRI-051,FAC-IND-004,451.74107830833225,6,34.229878883075806,16.15693391938349,1.1334824493343412,334.2728491442017,4.580016176143939,0.946022588678014,0,25.690324477515404,0.8148718973714001,0.10378359464887424,0.06028755262973889,0,AGRI_BURN,SYNTHETIC
SYN-AGRI-052,NONE,-1.0,0,37.63845871156993,10.461139387089322,2.067898316623109,358.29839632357783,1.6753694848810772,0.9928671455003583,2,26.76748909310299,0.7779273332074291,0.06810822556874992,0.13214837368619906,0,AGRI_BURN,SYNTHETIC
SYN-AGRI-053,NONE,-1.0,0,13.664378848343809,3.803180916504047,0.49380770934865187,358.9960814365645,7.539613155796496,0.9666258349120026,2,12.509938973247401,0.9444785338681695,0.03079186791335916,0.13230177588464734,0,AGRI_BURN,SYNTHETIC
SYN-AGRI-054,FAC-IND-024,2215.71032856666,5,24.10791003426969,3.8341263398273293,7.082845669837135,318.069237834499,2.4722809579910807,0.962470809275045,0,29.62966782781215,0.7792246017766588,0.07771558833463886,0.0888597386579517,0,AGRI_BURN,SYNTHETIC
SYN-AGRI-055,NONE,-1.0,0,33.222649388317066,13.427038653492207,0.7170576641447787,352.17008264612144,7.648453736665015,0.8920884214404181,1,22.14696025897342,0.7143605444726172,0.029478451233377834,0.00138560776218849,0,AGRI_BURN,SYNTHETIC
SYN-AGRI-056,NONE,-1.0,0,6.689153595632642,7.870239778275299,8.95887952781718,349.15541994163084,5.680909812305722,0.9450412186518166,3,21.003629143402495,0.7728725506308556,0.1312820780986699,0.04529967640553382,0,AGRI_BURN,SYNTHETIC
SYN-AGRI-057,FAC-IND-006,2944.188224574627,7,0.7032237737956906,2.5979936879641423,2.5792442369221282,315.35822610594045,7.6289760304992615,0.9157463715419656,1,25.827018557434073,0.9371727152903319,0.03779140700995454,0.14863797847673232,0,AGRI_BURN,SYNTHETIC
SYN-AGRI-058,NONE,-1.0,0,12.038833067131208,24.439526782365437,1.5944398474316654,353.15131638531534,1.0038566045284167,0.9800582479739208,3,21.788602185854483,0.7459457839537347,0.0798138779081357,0.13539076753251525,0,AGRI_BURN,SYNTHETIC
SYN-AGRI-059,NONE,-1.0,0,27.10843401558531,1.0366141434067204,9.96656237722,339.67575221440364,6.235254039962263,0.8620114515578257,1,1.621856883938161,0.8422038501881508,0.0244605474140808,0.08901915682084326,0,AGRI_BURN,SYNTHETIC
SYN-AGRI-060,FAC-IND-015,1384.2340658960818,5,24.394913349846572,22.57310909380368,2.0859344451785704,340.7572268512483,2.710303085286757,0.9073694613100592,3,2.5700025650681626,0.7595797546814806,0.06967537281960538,0.11342222433660484,0,AGRI_BURN,SYNTHETIC
SYN-AGRI-061,NONE,-1.0,0,44.98335543290573,24.390046965014573,4.264948998224037,357.2099181303175,1.1920820718166607,0.916101031533087,0,22.259530378131466,0.9020468720797785,0.08949705617916685,0.04314175380633667,0,AGRI_BURN,SYNTHETIC
SYN-AGRI-062,NONE,-1.0,0,25.722851204883025,14.38826498624233,6.218635287121913,350.79688453210593,0.546784837022853,0.9799252561541006,3,10.577824889404488,0.8916671513274383,0.099009911380946,0.01661803688949833,0,AGRI_BURN,SYNTHETIC
SYN-AGRI-063,FAC-IND-020,2820.3759634209205,1,2.394130070112072,21.045854185759534,2.696416279873553,354.3293854436962,3.547660008097629,0.9915596077022851,0,29.174262443527894,0.71371518887974,0.04661956011311829,0.07546483109118522,0,AGRI_BURN,SYNTHETIC
SYN-AGRI-064,NONE,-1.0,0,40.90446273218365,11.840383255749071,3.0273543998387735,345.1758573984429,3.98212176048257,0.9596126476573592,2,11.720337335145041,0.9211799634690322,0.05248951340502372,0.13836757699841637,0,AGRI_BURN,SYNTHETIC
SYN-AGRI-065,NONE,-1.0,0,31.686073934457006,1.0865904506503465,7.84588169009446,328.9534929764961,5.124698609300743,0.8868300173169208,1,18.098313984834444,0.8125082807393937,0.005286916019013699,0.052810352473026324,0,AGRI_BURN,SYNTHETIC
SYN-AGRI-066,FAC-IND-021,1810.1147621403195,7,36.631137518645886,14.142432366535813,6.143954495781081,356.37367746995915,3.9742845057101346,0.8824686580237705,2,1.0359299569562546,0.8958390214414496,0.013316228987713662,0.029746030763739682,0,AGRI_BURN,SYNTHETIC
SYN-AGRI-067,NONE,-1.0,0,36.565622635290964,21.69774837670076,1.0550111954766739,316.87697143361004,1.1317681746196988,0.9535316663870441,1,18.042820122580338,0.8003097310249356,0.0028823725805829314,0.041099513123886794,0,AGRI_BURN,SYNTHETIC
SYN-AGRI-068,NONE,-1.0,0,33.69288134500401,14.396495712997705,5.874060052096389,348.76829155766364,6.303755516336287,0.9232429517643009,2,6.699862189305693,0.9099786888364576,0.022084051513060577,0.058454363421929216,0,AGRI_BURN,SYNTHETIC
SYN-AGRI-069,FAC-IND-009,2247.8464489792204,6,33.13161902729759,4.358149053040064,5.23792053279226,343.5197572995205,5.0581197447609965,0.9762475536471757,3,14.893245206144487,0.8426387245002647,0.026839074891843676,0.07628393910680421,0,AGRI_BURN,SYNTHETIC
SYN-AGRI-070,NONE,-1.0,0,22.805515600295397,22.958019125155925,8.601275564731603,359.98811267853176,5.940282206288533,0.8653249815449189,1,4.358409143413706,0.7528036069970394,0.037459207656749545,0.12219354316961561,0,AGRI_BURN,SYNTHETIC
SYN-AGRI-071,NONE,-1.0,0,38.17807120403716,6.1868348460646425,9.459732864840928,347.24643288381714,3.171828037383264,0.9738211814990003,2,20.218121092887795,0.8018954908685803,0.030235442934815907,0.13902370055739008,0,AGRI_BURN,SYNTHETIC
SYN-AGRI-072,FAC-IND-022,2432.93520281333,2,38.26127848661974,0.46166538203967894,1.6110606282716335,360.72312198513924,1.3252857881666966,0.9210976769645127,3,8.986996858003213,0.7805193179415948,0.08939930893668008,0.07508905257165775,0,AGRI_BURN,SYNTHETIC
SYN-AGRI-073,NONE,-1.0,0,1.507092628094208,6.427253758725377,0.013159401885767346,319.67959946793076,1.0858079167080257,0.8845589470450985,0,11.762116869206059,0.7875594928712242,0.01756364429442896,0.10469370165908434,0,AGRI_BURN,SYNTHETIC
SYN-AGRI-074,NONE,-1.0,0,9.767172771663562,8.228973775757021,8.442067322909722,353.43714265380544,6.3987050433878405,0.9400337492560528,1,0.7993659831857762,0.9320477071394684,0.0054471960493133464,0.12295887456531251,0,AGRI_BURN,SYNTHETIC
SYN-AGRI-075,FAC-IND-006,1244.3848654277635,1,21.4319730454133,19.10469704882706,4.213818718429535,333.0621560372341,7.472317133182139,0.9142640436102878,3,13.722441820222038,0.8617204351500645,0.02862495837668906,0.12855624675331387,0,AGRI_BURN,SYNTHETIC
SYN-AGRI-076,NONE,-1.0,0,9.812696512397226,0.2905832488518232,8.652711091480565,329.7694168044721,0.7808639227465087,0.9735978003763653,2,14.65717965607993,0.7102828987719649,0.024406590415146073,0.005754112433818665,0,AGRI_BURN,SYNTHETIC
SYN-AGRI-077,NONE,-1.0,0,35.26522293905786,22.350345929150276,3.4809893018616562,310.15993948550886,1.4723705625531136,0.8908132680444167,1,7.910438737277486,0.7532986251779813,0.05152557203743241,0.01448839108975104,0,AGRI_BURN,SYNTHETIC
SYN-AGRI-078,FAC-IND-024,818.471598309385,4,39.7842447587501,15.395668385767044,1.0393255243392907,346.14600421205097,1.7291548163610089,0.8973893026628291,0,14.688676896143791,0.8339414134301844,0.03091606325527638,0.07284964294372562,0,AGRI_BURN,SYNTHETIC
SYN-AGRI-079,NONE,-1.0,0,7.875080216413282,24.875836238648677,7.016512262431105,336.3428923524367,6.086424361011855,0.9770225229153812,3,13.546692450754815,0.7039084827167169,0.1422502965488288,0.012398072219500017,0,AGRI_BURN,SYNTHETIC
SYN-WILD-000,NONE,-1.0,0,645.9284902216052,82.14643420609998,186.10203231136867,440.19484944256857,84.11171423852178,0.590942529529185,2,76.55883657635599,0.04044704254242133,0.7771198268886962,0.0,0,WILDFIRE,SYNTHETIC
SYN-WILD-001,NONE,-1.0,0,133.71353292561017,113.1199242322829,155.99479895928116,426.4114544362408,71.60726451308066,0.7945901537312187,2,91.31597342373777,0.04578815932914109,0.9797484370038158,0.0,0,WILDFIRE,SYNTHETIC
SYN-WILD-002,NONE,-1.0,0,252.71052793226534,395.0744087341226,467.12325316292737,371.5423914168809,176.03025662222242,0.46476826235613966,2,35.75882955683904,0.10452403007580482,0.939547513626734,0.0,0,WILDFIRE,SYNTHETIC
SYN-WILD-003,NONE,-1.0,0,734.5352642548022,78.41460099703644,548.0283425166588,439.7364586078233,202.5129817756074,0.5436604895957714,2,91.63136532852944,0.06177314940144196,0.9084839105828761,0.0,0,WILDFIRE,SYNTHETIC
SYN-WILD-004,NONE,-1.0,0,73.67739261801964,194.50993399536796,521.9412243938555,333.89079341985547,146.8403607973253,0.4431681006066965,0,48.5214896311805,0.029788840913208083,0.9438866085591626,0.0,0,WILDFIRE,SYNTHETIC
SYN-WILD-005,NONE,-1.0,0,763.320871129571,322.21930394799904,533.9528118550005,347.8918497759348,171.28144660831626,0.7383870840928722,1,52.44146565374639,0.16851634858976308,0.792333492510979,0.0,0,WILDFIRE,SYNTHETIC
SYN-WILD-006,NONE,-1.0,0,364.614077942343,130.2693823219065,565.5011501444744,339.16396553084536,164.8658387136485,0.5041684732494259,0,95.77599693366491,0.011671215084671416,0.7481484137115616,0.0,0,WILDFIRE,SYNTHETIC
SYN-WILD-007,NONE,-1.0,0,235.60712501131954,320.77712110082,207.2753817216815,364.37175050719355,174.38835966616182,0.5210300172150403,1,76.93776989216248,0.06537251967888168,0.8797243841259682,0.0,0,WILDFIRE,SYNTHETIC
SYN-WILD-008,NONE,-1.0,0,591.9894100578645,63.54954123037714,475.1312917229428,436.8447811334636,123.25858577640358,0.7255566176148281,2,51.78446363804613,0.10707314338984303,0.9628780330778981,0.0,0,WILDFIRE,SYNTHETIC
SYN-WILD-009,NONE,-1.0,0,421.0344502545565,95.56171937831698,390.82462016402917,352.9619315713775,98.47000688895581,0.600567333743161,0,70.31246435366903,0.03263350912118599,0.8800410478940676,0.0,0,WILDFIRE,SYNTHETIC
SYN-WILD-010,NONE,-1.0,0,262.8056079381464,132.86436278809936,357.6436224181092,378.27086247488353,199.6096296862219,0.7702163809141674,1,59.84036401015021,0.16236662885969175,0.9367511369784676,0.0,0,WILDFIRE,SYNTHETIC
SYN-WILD-011,NONE,-1.0,0,550.8229374739337,313.9009627823227,162.53396537310866,340.4888169009489,188.1384490454094,0.5887971402886383,2,40.55778036697006,0.01750107014553348,0.7667764367814094,0.0,0,WILDFIRE,SYNTHETIC
SYN-WILD-012,NONE,-1.0,0,178.9404354254782,233.00187394732285,377.41206868652836,335.0934737789216,126.30476641673988,0.5406284303098837,2,65.47039398435965,0.10960199150450117,0.9479468527791854,0.0,0,WILDFIRE,SYNTHETIC
SYN-WILD-013,NONE,-1.0,0,671.7748585861104,142.65424274966028,739.1249305691902,427.1064667057662,28.697156477988766,0.42887485043036266,1,83.21591302630794,0.19888894725897732,0.8158654045832651,0.0,0,WILDFIRE,SYNTHETIC
SYN-WILD-014,NONE,-1.0,0,648.6516613909496,359.50791207047627,504.1997797786628,477.17624093802954,169.52278673258644,0.4668790702746515,2,12.405442865176878,0.039297609360795606,0.7634001797761889,0.0,0,WILDFIRE,SYNTHETIC
SYN-WILD-015,NONE,-1.0,0,6.44350276271633,149.51168652994622,67.08170217107394,471.4758829748421,203.65134884632806,0.735099372367449,2,74.97836656520592,0.05848694883465775,0.7283626529030574,0.0,0,WILDFIRE,SYNTHETIC
SYN-WILD-016,NONE,-1.0,0,590.8999919475264,219.56257547382697,73.51269481824318,404.96040526368586,203.08823459252403,0.692262264631156,2,50.44754350738304,0.0878793641728729,0.8031605436772219,0.0,0,WILDFIRE,SYNTHETIC
SYN-WILD-017,NONE,-1.0,0,650.6491609039767,388.0189176153549,369.9613236079001,434.3244904006548,51.92486563557078,0.5303331197146315,0,18.5027342501196,0.17598472810876553,0.9043862759549183,0.0,0,WILDFIRE,SYNTHETIC
SYN-WILD-018,NONE,-1.0,0,254.2805288796076,269.4619947674219,134.08688210817303,369.8094892920289,57.2348901668035,0.6643772240742825,0,92.29121382487435,0.010850464483160316,0.9127715407123776,0.0,0,WILDFIRE,SYNTHETIC
SYN-WILD-019,NONE,-1.0,0,221.1373981295434,115.12963824504925,794.4288200775761,352.10647126171733,211.6031631626225,0.543904843939928,1,46.96647983763811,0.06797071548570661,0.8403840874069446,0.0,0,WILDFIRE,SYNTHETIC
SYN-WILD-020,NONE,-1.0,0,188.94958484699546,92.33895401220299,184.0751556995092,436.16144679725693,99.543376136206,0.41604727142525033,1,17.619176283148658,0.08815635991735556,0.8870363993745993,0.0,0,WILDFIRE,SYNTHETIC
SYN-WILD-021,NONE,-1.0,0,68.48187267592655,6.713309929414213,117.24503670728063,403.90841303703723,171.38756502058214,0.7633020219815926,2,30.447805685183166,0.10979563142333595,0.9218660378461413,0.0,0,WILDFIRE,SYNTHETIC
SYN-WILD-022,NONE,-1.0,0,615.7944567562589,101.64424736672741,596.0976182999312,364.89550147498693,46.51252791523715,0.610865765074952,2,65.97648613517688,0.057880815623366846,0.8104215356510152,0.0,0,WILDFIRE,SYNTHETIC
SYN-WILD-023,NONE,-1.0,0,82.48262802610303,270.41825768840863,482.02579415287505,447.5420860779308,28.666252241424022,0.7640238709049193,2,42.622925920539444,0.037355553079534,0.7115737772476128,0.0,0,WILDFIRE,SYNTHETIC
SYN-WILD-024,NONE,-1.0,0,148.76634598097786,79.75565244268547,511.6508151805978,469.5043978522407,61.68708821602868,0.5331896130439555,2,17.591854041812905,0.09948403652867233,0.9019575119560976,0.0,0,WILDFIRE,SYNTHETIC
SYN-WILD-025,NONE,-1.0,0,591.8421338081905,274.95970902341975,418.34751121141016,340.9564484414947,103.22671777346385,0.595062258361632,0,69.87003873809985,0.1556231285619363,0.763673792041937,0.0,0,WILDFIRE,SYNTHETIC
SYN-WILD-026,NONE,-1.0,0,526.315033069199,293.7279817586114,260.9045178094427,429.5212745985909,201.38594649072513,0.5391500701264782,1,44.6318816818996,0.0501613273073585,0.8814337630669999,0.0,0,WILDFIRE,SYNTHETIC
SYN-WILD-027,NONE,-1.0,0,666.8946521448291,71.36272934512685,382.62784208198315,355.34115304764,192.89818044114182,0.4742148733742636,2,95.84047031725811,0.027460718692308594,0.8126569243413303,0.0,0,WILDFIRE,SYNTHETIC
SYN-WILD-028,NONE,-1.0,0,168.25134026240067,322.0579521324128,485.2594290891776,453.5329267203217,76.91580975306475,0.4987946719601264,0,74.38090809786989,0.012439010546435059,0.9446415923021858,0.0,0,WILDFIRE,SYNTHETIC
SYN-WILD-029,NONE,-1.0,0,60.38666456337135,6.010231246714596,670.8439070649085,345.25812731039207,18.92950656275709,0.4480792972248112,1,18.42960734711549,0.0049543417503130184,0.7670579413924014,0.0,0,WILDFIRE,SYNTHETIC
SYN-WILD-030,NONE,-1.0,0,751.2910979277204,388.39257726370414,439.43011254215264,404.42711480843735,61.406802851085516,0.7900447801357107,0,8.588939371312534,0.125122950822093,0.7578339228834877,0.0,0,WILDFIRE,SYNTHETIC
SYN-WILD-031,NONE,-1.0,0,14.780979494187154,81.69326858036253,790.0314809237252,414.76745002403055,202.0325922297874,0.6839980716901576,1,67.33082502023503,0.18354039231568517,0.7999917209364641,0.0,0,WILDFIRE,SYNTHETIC
SYN-WILD-032,NONE,-1.0,0,94.45864649258638,264.73795523331245,458.9609672329735,362.9975987286199,15.053381141583557,0.7012769091990936,2,6.468485063767729,0.1913467372533454,0.7971949818808536,0.0,0,WILDFIRE,SYNTHETIC
SYN-WILD-033,NONE,-1.0,0,392.4388011050549,353.19053008504096,410.98579723467674,399.88533240543376,174.48938799794126,0.49752774624263335,1,37.652179080303576,0.10646352630929937,0.7840253741701708,0.0,0,WILDFIRE,SYNTHETIC
SYN-WILD-034,NONE,-1.0,0,368.5190849972674,157.36263465255692,531.2917988878652,421.14032365346685,99.92800457700483,0.6597756343826185,1,21.744917375963464,0.07260165325480523,0.9469723663598748,0.0,0,WILDFIRE,SYNTHETIC
SYN-WILD-035,NONE,-1.0,0,44.312303668421855,362.11363079997057,84.43491335245513,354.95062265266324,80.94398929932154,0.6792068440919881,1,6.617806114061239,0.018599105609528467,0.7269162525401978,0.0,0,WILDFIRE,SYNTHETIC
SYN-WILD-036,NONE,-1.0,0,100.84934303478965,197.98894257485617,669.0288397738846,403.94759088474405,46.23708782338939,0.7099174314778526,1,90.13576379910889,0.14626704359378936,0.9043613440588323,0.0,0,WILDFIRE,SYNTHETIC
SYN-WILD-037,NONE,-1.0,0,538.7716582441581,129.31504297435998,263.76230595556433,350.877713730058,235.84586456913866,0.681490488370823,2,83.40278981898777,0.11437765192149163,0.9525006660116416,0.0,0,WILDFIRE,SYNTHETIC
SYN-WILD-038,NONE,-1.0,0,360.93564372975175,273.8009594071857,55.790544443656614,464.2519354580502,108.2748440744563,0.45849980371067767,2,98.44002305559994,0.11713345278647952,0.9126684548362195,0.0,0,WILDFIRE,SYNTHETIC
SYN-WILD-039,NONE,-1.0,0,464.29221017456985,263.25504701045975,74.13704298970858,399.408628985221,147.05158940865334,0.5628974981978229,2,54.172307589883886,0.1553564015381178,0.950555107811081,0.0,0,WILDFIRE,SYNTHETIC
SYN-WILD-040,NONE,-1.0,0,516.4598682898436,82.46757087110487,512.55014321935,475.9436481647391,124.914443175254,0.5501432484177178,2,31.648810020580868,0.06606804109329178,0.7022131329129373,0.0,0,WILDFIRE,SYNTHETIC
SYN-WILD-041,NONE,-1.0,0,545.4277970081419,361.4546183626687,573.4430128737589,355.58835869956795,51.29232862138402,0.4380812078404908,1,49.76338585882406,0.09745655433532381,0.7822593650679512,0.0,0,WILDFIRE,SYNTHETIC
SYN-WILD-042,NONE,-1.0,0,536.8771247928206,192.4317546150825,620.5604811615283,388.94117473445846,178.02371052031526,0.4494022589199549,1,96.45204915744168,0.002713106606633198,0.8016058288495747,0.0,0,WILDFIRE,SYNTHETIC
SYN-WILD-043,NONE,-1.0,0,374.7511701052308,289.4001717721299,458.5701150214134,341.4673364212877,80.04753721186589,0.6837831969609232,1,31.86186824998458,0.14695071094590315,0.7476109625574485,0.0,0,WILDFIRE,SYNTHETIC
SYN-WILD-044,NONE,-1.0,0,220.30659549301447,347.91709693779126,309.0846593393925,357.15442833228167,185.33596802138447,0.6502124514370331,1,29.383371029439324,0.03717064886279953,0.9517671419923297,0.0,0,WILDFIRE,SYNTHETIC
SYN-WILD-045,NONE,-1.0,0,327.07591551393506,116.63584245906455,509.8546295566387,453.2316627469379,110.77613488954441,0.792968675747065,2,7.863205598744658,0.15797370704886704,0.7074221726138217,0.0,0,WILDFIRE,SYNTHETIC
SYN-WILD-046,NONE,-1.0,0,338.4942418629741,49.532950924715074,678.3115542046082,442.3885705306291,15.580157575436644,0.6791355682803117,0,65.13819462363425,0.06970008064009929,0.8442335548813028,0.0,0,WILDFIRE,SYNTHETIC
SYN-WILD-047,NONE,-1.0,0,178.42706474878486,126.59387485087355,58.08448483539412,456.2586404845697,234.9336210352788,0.6522985520751816,1,76.35119387822084,0.18678689262460332,0.812926378025329,0.0,0,WILDFIRE,SYNTHETIC
SYN-WILD-048,NONE,-1.0,0,555.3531833188453,240.46959573359962,379.9262424534865,338.17367314460313,154.53179855542427,0.541061267236369,1,21.366524640542863,0.036357354285449,0.7620264885974359,0.0,0,WILDFIRE,SYNTHETIC
SYN-WILD-049,NONE,-1.0,0,722.7181059940331,316.53818568026156,136.89206688732992,328.2350499506984,73.20191079016482,0.6446233116295532,2,8.051631377553885,0.07703887493428004,0.9146804691789514,0.0,0,WILDFIRE,SYNTHETIC
SYN-WILD-050,NONE,-1.0,0,57.73908952133214,196.16396134608118,786.6498108517782,478.19725792958945,147.8810432572683,0.5860526769939102,0,87.30107257033951,0.1536734485013451,0.7410875809898273,0.0,0,WILDFIRE,SYNTHETIC
SYN-WILD-051,NONE,-1.0,0,748.4607874192421,97.19159373689628,469.82763695228357,350.379168795302,51.62172410786874,0.6118219143324715,2,76.6772910702778,0.07492022018498593,0.8800380056025185,0.0,0,WILDFIRE,SYNTHETIC
SYN-WILD-052,NONE,-1.0,0,430.78993016289337,12.915498994370678,527.9556938319863,470.5962578993292,161.89831849062128,0.483587396294322,1,19.533956182093103,0.0019936006988898304,0.70361007336695,0.0,0,WILDFIRE,SYNTHETIC
SYN-WILD-053,NONE,-1.0,0,385.6876752008024,18.697828418163915,396.4388316022693,396.94924973197965,81.59608996056868,0.6417095311810886,2,99.1492303068237,0.14378608352848463,0.8893946965096339,0.0,0,WILDFIRE,SYNTHETIC
SYN-WILD-054,NONE,-1.0,0,648.7153868019021,188.0231283768544,90.2438288636949,477.37922168519674,100.348963470935,0.7651028785113438,1,25.259535046913843,0.005308855322322859,0.7677486878282542,0.0,0,WILDFIRE,SYNTHETIC
SYN-WILD-055,NONE,-1.0,0,721.68318660263,50.9763433580504,352.1437342126893,407.64678046176937,133.73834112450783,0.7700079036572233,0,78.63253244364695,0.1293840043211482,0.7837169247100761,0.0,0,WILDFIRE,SYNTHETIC
SYN-WILD-056,NONE,-1.0,0,406.8247881618572,223.02727591809142,571.1169699335771,381.71800261615306,195.56492388675207,0.41082132748075606,2,93.49325468380275,0.060573650576704524,0.918483314276936,0.0,0,WILDFIRE,SYNTHETIC
SYN-WILD-057,NONE,-1.0,0,211.52364422693282,45.159123556427474,585.0046295367044,379.46669677950734,74.67307707241994,0.548470452800266,1,35.18200313222709,0.18823443908638887,0.8137254292463526,0.0,0,WILDFIRE,SYNTHETIC
SYN-WILD-058,NONE,-1.0,0,704.0308617013692,212.30039686696736,196.68896150857867,414.70733332852603,163.99154687739437,0.7963782452437616,1,66.97400095158683,0.15025948938505757,0.7476602954857906,0.0,0,WILDFIRE,SYNTHETIC
SYN-WILD-059,NONE,-1.0,0,695.6659324691423,128.8206039392383,735.5357670197706,367.583529564944,68.98797159830347,0.6324114489711983,1,25.836831051855462,0.005878896211295448,0.748172344063532,0.0,0,WILDFIRE,SYNTHETIC
SYN-WILD-060,NONE,-1.0,0,291.7527586068272,357.64069004783744,489.1102805404755,445.781904802461,136.57396878501717,0.7231786420297376,2,95.04271203280518,0.03693954521481655,0.9257934557991732,0.0,0,WILDFIRE,SYNTHETIC
SYN-WILD-061,NONE,-1.0,0,688.7959725332705,363.66022248182355,371.3023615366915,372.53244972537175,15.075593225218945,0.4380355988960883,0,88.921783321418,0.18873466544468365,0.9011240506332645,0.0,0,WILDFIRE,SYNTHETIC
SYN-WILD-062,NONE,-1.0,0,610.0425671346078,399.51868093498655,466.35037283598024,398.4157306860094,226.09087443764662,0.6121114965855338,1,90.81031646329888,0.15771928189090945,0.8676350324492523,0.0,0,WILDFIRE,SYNTHETIC
SYN-WILD-063,NONE,-1.0,0,458.1140878451698,61.727523054308726,679.3473528901775,413.427146349421,136.21679056375814,0.6806439853398232,1,73.13200713382726,0.028948844533430607,0.8031537555736155,0.0,0,WILDFIRE,SYNTHETIC
SYN-WILD-064,NONE,-1.0,0,749.7487044762028,118.88688587583322,302.95744562538323,354.3583468214722,174.88541371588988,0.4691697894112616,1,45.25459508938322,0.12087010332234503,0.7482110201294273,0.0,0,WILDFIRE,SYNTHETIC
SYN-WILD-065,NONE,-1.0,0,522.4770638749953,296.10493150761897,588.5680682277908,445.45858419585574,103.34338456396682,0.4029218776581787,2,53.59065752929397,0.15237534525287638,0.8583119951782446,0.0,0,WILDFIRE,SYNTHETIC
SYN-WILD-066,NONE,-1.0,0,610.3177451202342,352.7856713471279,220.2546885694492,341.7743575661286,121.4413122169949,0.6137887371378777,2,90.05337251506528,0.1522308414410729,0.7947299413379928,0.0,0,WILDFIRE,SYNTHETIC
SYN-WILD-067,NONE,-1.0,0,74.59124291735496,268.1275957135343,418.25350110172815,467.8402153464549,84.3822350187133,0.7923160826724853,2,75.20566810700635,0.027636039316955532,0.9308816694948382,0.0,0,WILDFIRE,SYNTHETIC
SYN-WILD-068,NONE,-1.0,0,519.8827920560321,319.926692441697,31.449176539152994,370.49681175136004,77.97791260591426,0.5594522483422419,2,71.84809728876151,0.13204231234500197,0.9743212547498186,0.0,0,WILDFIRE,SYNTHETIC
SYN-WILD-069,NONE,-1.0,0,483.51876248702064,91.9873281939243,34.89451075072576,423.58603475995153,78.52534854028355,0.6727763481746523,1,60.73759477399279,0.11590834442855893,0.7398266509288564,0.0,0,WILDFIRE,SYNTHETIC
SYN-UNCERTAIN-000,NONE,-1.0,0,1.217430204792997,0.41868608357828097,0.0,317.4557721235828,0.0,0.0,0,0.0,0.33,0.33,0.34,0,OTHER_UNCERTAIN,SYNTHETIC
SYN-UNCERTAIN-001,NONE,-1.0,0,1.59147605234339,2.1967178971538104,0.0,312.01053994902384,0.0,1.0,0,0.0,0.33,0.33,0.34,0,OTHER_UNCERTAIN,SYNTHETIC
SYN-UNCERTAIN-002,NONE,-1.0,0,1.0100502919816197,1.1977819774923122,0.0,316.2435504166123,0.0,0.0,0,0.0,0.33,0.33,0.34,0,OTHER_UNCERTAIN,SYNTHETIC
SYN-UNCERTAIN-003,NONE,-1.0,0,0.18057953126833598,0.18747600496426786,0.0,307.62238351674915,0.0,0.0,0,0.0,0.33,0.33,0.34,0,OTHER_UNCERTAIN,SYNTHETIC
SYN-UNCERTAIN-004,NONE,-1.0,0,1.0890699221367084,1.0796425415677118,0.0,311.8154856848876,0.0,0.0,0,0.0,0.33,0.33,0.34,0,OTHER_UNCERTAIN,SYNTHETIC
SYN-UNCERTAIN-005,NONE,-1.0,0,2.9380164316617727,1.9851548360054876,0.0,306.88708427990457,0.0,0.0,0,0.0,0.33,0.33,0.34,0,OTHER_UNCERTAIN,SYNTHETIC
SYN-UNCERTAIN-006,NONE,-1.0,0,1.0404144811725995,1.7797046562610046,0.0,314.23284070996624,0.0,0.0,0,0.0,0.33,0.33,0.34,0,OTHER_UNCERTAIN,SYNTHETIC
SYN-UNCERTAIN-007,NONE,-1.0,0,2.817587559211193,2.2093981775996885,0.0,313.29971387863753,0.0,1.0,0,0.0,0.33,0.33,0.34,0,OTHER_UNCERTAIN,SYNTHETIC
SYN-UNCERTAIN-008,NONE,-1.0,0,1.1256291825622344,0.16121577312350244,0.0,317.4310900306353,0.0,1.0,0,0.0,0.33,0.33,0.34,0,OTHER_UNCERTAIN,SYNTHETIC
SYN-UNCERTAIN-009,NONE,-1.0,0,0.5354695256029339,0.3203755881327811,0.0,316.4642440258384,0.0,0.0,0,0.0,0.33,0.33,0.34,0,OTHER_UNCERTAIN,SYNTHETIC
SYN-UNCERTAIN-010,NONE,-1.0,0,0.547850618050078,0.15688717464044508,0.0,302.62882524859293,0.0,0.5,0,0.0,0.33,0.33,0.34,0,OTHER_UNCERTAIN,SYNTHETIC
SYN-UNCERTAIN-011,NONE,-1.0,0,0.9077569404803482,1.239457335159155,0.0,306.83455476061044,0.0,0.5,0,0.0,0.33,0.33,0.34,0,OTHER_UNCERTAIN,SYNTHETIC
SYN-UNCERTAIN-012,NONE,-1.0,0,1.175717454399279,0.7008389509980609,0.0,312.7562251966482,0.0,0.5,0,0.0,0.33,0.33,0.34,0,OTHER_UNCERTAIN,SYNTHETIC
SYN-UNCERTAIN-013,NONE,-1.0,0,1.9602022513144999,2.3766346639035936,0.0,304.9871965658967,0.0,0.0,0,0.0,0.33,0.33,0.34,0,OTHER_UNCERTAIN,SYNTHETIC
SYN-UNCERTAIN-014,NONE,-1.0,0,1.93498670788083,1.2467076007470717,0.0,304.9100356854032,0.0,1.0,0,0.0,0.33,0.33,0.34,0,OTHER_UNCERTAIN,SYNTHETIC
SYN-UNCERTAIN-015,NONE,-1.0,0,0.5879300029264247,0.329856103055731,0.0,315.4500423335656,0.0,1.0,0,0.0,0.33,0.33,0.34,0,OTHER_UNCERTAIN,SYNTHETIC
SYN-UNCERTAIN-016,NONE,-1.0,0,2.927903942642243,0.17713686238633264,0.0,316.86125608413556,0.0,0.5,0,0.0,0.33,0.33,0.34,0,OTHER_UNCERTAIN,SYNTHETIC
SYN-UNCERTAIN-017,NONE,-1.0,0,2.968512632286913,0.1636228198868116,0.0,306.9351810445763,0.0,1.0,0,0.0,0.33,0.33,0.34,0,OTHER_UNCERTAIN,SYNTHETIC
SYN-UNCERTAIN-018,NONE,-1.0,0,1.1105389948405295,1.7129287083971758,0.0,317.6542667006921,0.0,1.0,0,0.0,0.33,0.33,0.34,0,OTHER_UNCERTAIN,SYNTHETIC
SYN-UNCERTAIN-019,NONE,-1.0,0,2.4427400366376624,1.915323156611132,0.0,313.90091461860794,0.0,1.0,0,0.0,0.33,0.33,0.34,0,OTHER_UNCERTAIN,SYNTHETIC
SYN-UNCERTAIN-020,NONE,-1.0,0,1.9688486661105888,0.1074944252423534,0.0,314.63293241472195,0.0,1.0,0,0.0,0.33,0.33,0.34,0,OTHER_UNCERTAIN,SYNTHETIC
SYN-UNCERTAIN-021,NONE,-1.0,0,1.3629846574273947,0.44920561368793843,0.0,317.39284031403577,0.0,0.5,0,0.0,0.33,0.33,0.34,0,OTHER_UNCERTAIN,SYNTHETIC
SYN-UNCERTAIN-022,NONE,-1.0,0,1.4130912102408542,1.3957702994332446,0.0,312.04783726317083,0.0,0.5,0,0.0,0.33,0.33,0.34,0,OTHER_UNCERTAIN,SYNTHETIC
SYN-UNCERTAIN-023,NONE,-1.0,0,0.3616961122976463,1.422936312516086,0.0,302.45209173446295,0.0,1.0,0,0.0,0.33,0.33,0.34,0,OTHER_UNCERTAIN,SYNTHETIC
SYN-UNCERTAIN-024,NONE,-1.0,0,0.3155519871240722,2.183141988706421,0.0,313.12811116778164,0.0,0.0,0,0.0,0.33,0.33,0.34,0,OTHER_UNCERTAIN,SYNTHETIC
SYN-UNCERTAIN-025,NONE,-1.0,0,2.4080442800915347,1.3495578600026452,0.0,302.2133959639208,0.0,0.5,0,0.0,0.33,0.33,0.34,0,OTHER_UNCERTAIN,SYNTHETIC
SYN-UNCERTAIN-026,NONE,-1.0,0,1.425524317746191,1.6144703139097294,0.0,304.08225460499045,0.0,1.0,0,0.0,0.33,0.33,0.34,0,OTHER_UNCERTAIN,SYNTHETIC
SYN-UNCERTAIN-027,NONE,-1.0,0,1.1377844900189111,0.8149077015654855,0.0,310.70857983740376,0.0,0.0,0,0.0,0.33,0.33,0.34,0,OTHER_UNCERTAIN,SYNTHETIC
SYN-UNCERTAIN-028,NONE,-1.0,0,1.5201634980397671,0.6535808858998059,0.0,304.4614611808323,0.0,0.5,0,0.0,0.33,0.33,0.34,0,OTHER_UNCERTAIN,SYNTHETIC
SYN-UNCERTAIN-029,NONE,-1.0,0,0.4978321676195585,2.377455806945589,0.0,304.279308206703,0.0,0.5,0,0.0,0.33,0.33,0.34,0,OTHER_UNCERTAIN,SYNTHETIC
SYN-UNCERTAIN-030,NONE,-1.0,0,1.9324192532987639,2.4686886103624484,0.0,301.67113849421946,0.0,1.0,0,0.0,0.33,0.33,0.34,0,OTHER_UNCERTAIN,SYNTHETIC
SYN-UNCERTAIN-031,NONE,-1.0,0,2.655600770582594,1.1888271608232082,0.0,306.805257860844,0.0,0.5,0,0.0,0.33,0.33,0.34,0,OTHER_UNCERTAIN,SYNTHETIC
SYN-UNCERTAIN-032,NONE,-1.0,0,2.8965669403885053,1.4423040060470893,0.0,312.1815870525526,0.0,0.0,0,0.0,0.33,0.33,0.34,0,OTHER_UNCERTAIN,SYNTHETIC
SYN-UNCERTAIN-033,NONE,-1.0,0,2.043444247552477,1.1550564018307845,0.0,314.99847218115724,0.0,0.5,0,0.0,0.33,0.33,0.34,0,OTHER_UNCERTAIN,SYNTHETIC
SYN-UNCERTAIN-034,NONE,-1.0,0,2.5357512234016517,1.2663577942650412,0.0,302.22165474628565,0.0,0.5,0,0.0,0.33,0.33,0.34,0,OTHER_UNCERTAIN,SYNTHETIC
SYN-UNCERTAIN-035,NONE,-1.0,0,2.740457613214607,0.8418175494943495,0.0,317.79981727477366,0.0,1.0,0,0.0,0.33,0.33,0.34,0,OTHER_UNCERTAIN,SYNTHETIC
SYN-UNCERTAIN-036,NONE,-1.0,0,0.967737944844333,0.5562291445300819,0.0,304.12519600454067,0.0,1.0,0,0.0,0.33,0.33,0.34,0,OTHER_UNCERTAIN,SYNTHETIC
SYN-UNCERTAIN-037,NONE,-1.0,0,1.6120774414804446,1.1716029831587005,0.0,301.2659166105162,0.0,0.0,0,0.0,0.33,0.33,0.34,0,OTHER_UNCERTAIN,SYNTHETIC
SYN-UNCERTAIN-038,NONE,-1.0,0,2.5186638592200064,2.1031642870283593,0.0,310.38713985297073,0.0,0.0,0,0.0,0.33,0.33,0.34,0,OTHER_UNCERTAIN,SYNTHETIC
SYN-UNCERTAIN-039,NONE,-1.0,0,0.7035568671913515,0.7618927871759057,0.0,305.096622483159,0.0,0.0,0,0.0,0.33,0.33,0.34,0,OTHER_UNCERTAIN,SYNTHETIC
SYN-UNCERTAIN-040,NONE,-1.0,0,1.002450492675107,0.6992593791978209,0.0,311.32557753354183,0.0,0.5,0,0.0,0.33,0.33,0.34,0,OTHER_UNCERTAIN,SYNTHETIC
SYN-UNCERTAIN-041,NONE,-1.0,0,2.0174178224956365,2.3851870350792654,0.0,317.06243017181015,0.0,1.0,0,0.0,0.33,0.33,0.34,0,OTHER_UNCERTAIN,SYNTHETIC
SYN-UNCERTAIN-042,NONE,-1.0,0,2.102190865292977,1.0024557442064963,0.0,303.91054926150946,0.0,0.5,0,0.0,0.33,0.33,0.34,0,OTHER_UNCERTAIN,SYNTHETIC
SYN-UNCERTAIN-043,NONE,-1.0,0,2.513073543213385,0.14774576688937957,0.0,307.8620695830109,0.0,1.0,0,0.0,0.33,0.33,0.34,0,OTHER_UNCERTAIN,SYNTHETIC
SYN-UNCERTAIN-044,NONE,-1.0,0,2.40035411934307,0.983616995736359,0.0,314.9311608139515,0.0,0.5,0,0.0,0.33,0.33,0.34,0,OTHER_UNCERTAIN,SYNTHETIC
SYN-UNCERTAIN-045,NONE,-1.0,0,1.5873090253546573,2.048012643607854,0.0,305.12818085340115,0.0,0.0,0,0.0,0.33,0.33,0.34,0,OTHER_UNCERTAIN,SYNTHETIC
SYN-UNCERTAIN-046,NONE,-1.0,0,2.177262116575502,0.48739654294480717,0.0,309.7620922259179,0.0,0.5,0,0.0,0.33,0.33,0.34,0,OTHER_UNCERTAIN,SYNTHETIC
SYN-UNCERTAIN-047,NONE,-1.0,0,1.7264090030288863,1.2572080922642155,0.0,302.6689236719002,0.0,1.0,0,0.0,0.33,0.33,0.34,0,OTHER_UNCERTAIN,SYNTHETIC
SYN-UNCERTAIN-048,NONE,-1.0,0,1.5907063087932525,1.9414033832999282,0.0,312.5472268891837,0.0,1.0,0,0.0,0.33,0.33,0.34,0,OTHER_UNCERTAIN,SYNTHETIC
SYN-UNCERTAIN-049,NONE,-1.0,0,2.4505583081337434,1.660476133581016,0.0,314.01638039271677,0.0,0.0,0,0.0,0.33,0.33,0.34,0,OTHER_UNCERTAIN,SYNTHETIC
SYN-UNCERTAIN-050,NONE,-1.0,0,1.2404749014061385,0.19899532759817323,0.0,312.4697686607446,0.0,1.0,0,0.0,0.33,0.33,0.34,0,OTHER_UNCERTAIN,SYNTHETIC
SYN-UNCERTAIN-051,NONE,-1.0,0,1.0516823810304194,2.199435913557883,0.0,306.21790372932054,0.0,0.5,0,0.0,0.33,0.33,0.34,0,OTHER_UNCERTAIN,SYNTHETIC
SYN-UNCERTAIN-052,NONE,-1.0,0,2.556920995533139,1.9487248698383246,0.0,302.8361056827548,0.0,0.5,0,0.0,0.33,0.33,0.34,0,OTHER_UNCERTAIN,SYNTHETIC
SYN-UNCERTAIN-053,NONE,-1.0,0,0.6807687099675955,0.22283020475360446,0.0,303.75607964299616,0.0,0.5,0,0.0,0.33,0.33,0.34,0,OTHER_UNCERTAIN,SYNTHETIC
SYN-UNCERTAIN-054,NONE,-1.0,0,0.9469808062583426,0.8928698963938936,0.0,314.2951217943498,0.0,1.0,0,0.0,0.33,0.33,0.34,0,OTHER_UNCERTAIN,SYNTHETIC
SYN-UNCERTAIN-055,NONE,-1.0,0,1.730556409959875,2.385911835797219,0.0,308.52164987912795,0.0,1.0,0,0.0,0.33,0.33,0.34,0,OTHER_UNCERTAIN,SYNTHETIC
SYN-UNCERTAIN-056,NONE,-1.0,0,2.2097207492999225,1.3043342167661285,0.0,313.8803106110778,0.0,0.5,0,0.0,0.33,0.33,0.34,0,OTHER_UNCERTAIN,SYNTHETIC
SYN-UNCERTAIN-057,NONE,-1.0,0,0.7622446952721399,1.4526473722208995,0.0,303.05438925829674,0.0,1.0,0,0.0,0.33,0.33,0.34,0,OTHER_UNCERTAIN,SYNTHETIC
SYN-UNCERTAIN-058,NONE,-1.0,0,1.3577097546028596,2.46488595413219,0.0,313.70441038949025,0.0,0.5,0,0.0,0.33,0.33,0.34,0,OTHER_UNCERTAIN,SYNTHETIC
SYN-UNCERTAIN-059,NONE,-1.0,0,2.2415288357488627,2.299152346553116,0.0,316.2055659545773,0.0,0.5,0,0.0,0.33,0.33,0.34,0,OTHER_UNCERTAIN,SYNTHETIC
